1998-99 Be A Player #187 Milan Hejduk RC,1,0,0,0,0.875
1998-99 Be A Player Autographs #187 Milan Hejduk,0,0,1,0,12.675
1998-99 Be A Player Autographs Gold #187 Milan Hejduk,0,0,1,0,22.875
1998-99 Bowman's Best #110 Milan Hejduk SP RC,1,0,0,0,2.99
1998-99 Crown Royale #34 Milan Hejduk RC,1,0,0,0,1
1998-99 Pacific Dynagon Ice #48 Milan Hejduk RC,1,0,0,0,0.55
1998-99 Pacific Omega #67 Chris Drury RC/Milan Hejduk,1,0,0,0,0.55
1998-99 Revolution #36 Milan Hejduk RC,1,0,0,0,0.675
1998-99 Revolution Red #36 Milan Hejduk,0,0,0,1,3.6
1998-99 SP Authentic #95 Milan Hejduk RC,1,0,0,1,20
1998-99 SP Authentic Power Shift #95 Milan Hejduk,0,0,0,1,45
1998-99 SPx Top Prospects #16 Milan Hejduk RC,1,0,0,0,5.4
1998-99 Topps Gold Label Class 1 #90 Milan Hejduk RC,1,0,0,0,1.32
1998-99 Upper Deck #247 Milan Hejduk RC,1,0,0,0,2.29
1998-99 Upper Deck Gold Reserve #247 Milan Hejduk RC,1,0,0,0,5.6
1998-99 Upper Deck MVP #55 Milan Hejduk RC,1,0,0,0,0.5
1999-00 BAP Memorabilia Silver #130 Milan Hejduk,0,0,0,1,1.575
1999-00 BAP Millennium Autographs #70 Milan Hejduk,0,0,1,0,6
1999-00 BAP Millennium Ruby #70 Milan Hejduk,0,0,0,1,3.625
1999-00 Pacific Dynagon Ice Gold #57 Milan Hejduk,0,0,0,1,7.2
1999-00 Pacific Omega Gold #63 Milan Hejduk,0,0,0,1,3.6
1999-00 Pacific Omega Premiere Date #63 Milan Hejduk,0,0,0,1,5.4
1999-00 Pacific Prism Holographic Gold #39 Milan Hejduk,0,0,0,1,1.675
1999-00 Pacific Prism Premiere Date #39 Milan Hejduk,0,0,0,1,9
1999-00 Paramount Holographic Silver #64 Milan Hejduk,0,0,0,1,11.85
1999-00 SPx Radiance #46 Milan Hejduk,0,0,0,1,36
1999-00 Stadium Club Capture the Action Game View #CAG3 Milan Hejduk,0,0,0,1,14
1999-00 Upper Deck MVP Gold Script #58 Milan Hejduk,0,0,0,1,22.5
2000-01 Private Stock PS-2001 New Wave #8 Milan Hejduk,0,0,0,1,5
2001-02 Atomic Blue #25 Milan Hejduk/23,0,0,0,1,8.4
2001-02 Atomic Gold #25 Milan Hejduk,0,0,0,1,3.75
2001-02 Atomic Premiere Date #25 Milan Hejduk,0,0,0,1,5.4
2001-02 Atomic Red #25 Milan Hejduk,0,0,0,1,2.4
2001-02 BAP Memorabilia All-Star Jerseys #ASJ4 Milan Hejduk,0,1,0,0,12.75
2001-02 BAP Memorabilia Ruby #73 Milan Hejduk,0,0,0,1,2.5
2001-02 BAP Memorabilia Sapphire #73 Milan Hejduk,0,0,0,1,7.2
2001-02 BAP Signature Series Autographs Gold #LMH Milan Hejduk SP,0,0,1,0,27.6
2001-02 Bowman YoungStars Gold #25 Milan Hejduk,0,0,0,1,3
2001-02 Crown Royale Blue #38 Milan Hejduk,0,0,0,1,4.5
2001-02 Crown Royale Premiere Date #38 Milan Hejduk,0,0,0,1,7
2001-02 Crown Royale Red #38 Milan Hejduk,0,0,0,1,7
2001-02 Pacific Adrenaline Blue #48 Milan Hejduk,0,0,0,1,5.6
2001-02 Pacific Adrenaline Premiere Date #48 Milan Hejduk,0,0,0,1,4
2001-02 Pacific Adrenaline Red #48 Milan Hejduk,0,0,0,1,7
2001-02 Pacific Extreme LTD #102 Milan Hejduk,0,0,0,1,7
2001-02 Pacific Heads Up Blue #24 Milan Hejduk,0,0,0,1,10.8
2001-02 Pacific Heads Up Premiere Date #24 Milan Hejduk,0,0,0,1,4.36
2001-02 Pacific Heads Up Red #24 Milan Hejduk,0,0,0,1,4.8
2001-02 Pacific Hobby LTD #102 Milan Hejduk,0,0,0,1,2.8
2001-02 Pacific Premiere Date #102 Milan Hejduk,0,0,0,1,5
2001-02 Pacific Retail LTD #102 Milan Hejduk,0,0,0,1,4.2
2001-02 Parkhurst Silver #38 Milan Hejduk,0,0,0,1,2.13
2001-02 SP Authentic Limited #17 Milan Hejduk,0,0,0,1,3.5
2001-02 SP Authentic Sign of the Times #MH Milan Hejduk,0,0,1,0,14
2001-02 SPx Hidden Treasures #DTHB Milan Hejduk/Rob Blake,0,1,0,0,20
2001-02 Titanium Double-Sided Jerseys #11 Milan Hejduk/Chris Drury,0,1,0,0,3.4
2001-02 Titanium Hobby Red #35 Milan Hejduk,0,0,0,1,5.6
2001-02 Titanium Premiere Date #35 Milan Hejduk,0,0,0,1,7
2001-02 Titanium Retail Red #35 Milan Hejduk,0,0,0,1,2.8
2001-02 Topps Heritage Refractors #17 Milan Hejduk,0,0,0,1,1.96
2001-02 UD Playmakers Practice Jerseys #PJMH Milan Hejduk,0,1,0,0,7.5
2001-02 UD Playmakers Practice Jerseys Gold #PJMH Milan Hejduk,0,1,0,1,12.5
2001-02 UD Premier Collection #15 Milan Hejduk,0,0,0,1,1.5
2001-02 UD Premier Collection Jerseys #BMH Milan Hejduk B,0,1,0,1,10.8
2001-02 UD Premier Collection Jerseys Black #BMH Milan Hejduk B,0,1,0,1,12.75
2001-02 UD Top Shelf Jerseys #TJMH Milan Hejduk Upd,0,1,0,0,6.5
2001-02 Upper Deck MVP Morning Skate Jerseys #JMH Milan Hejduk,0,1,0,0,9
2001-02 Vanguard Blue #25 Milan Hejduk,0,0,0,1,7.2
2001-02 Vanguard Premiere Date #25 Milan Hejduk,0,0,0,1,9
2002-03 BAP Memorabilia Ruby #149 Milan Hejduk,0,0,0,1,2.25
2002-03 BAP Memorabilia Sapphire #149 Milan Hejduk,0,0,0,1,5.4
2002-03 Bowman YoungStars Gold #46 Milan Hejduk,0,0,0,1,1.35
2002-03 Pacific Calder Silver #33 Milan Hejduk,0,0,0,1,1.125
2002-03 Pacific Exclusive Jerseys #5 Milan Hejduk,0,1,0,0,10.8
2002-03 Parkhurst Jerseys #GJ16 Milan Hejduk,0,1,0,0,12
2002-03 Stadium Club Champions Fabric #FC5 Milan Hejduk,0,1,0,0,3
2002-03 UD Premier Collection Jerseys Bronze #MH Milan Hejduk,0,1,0,1,5.975
2002-03 UD Top Shelf Signatures #MH Milan Hejduk,0,0,1,0,13.5
2002-03 Upper Deck Rookie Update Jerseys Gold #DMH Milan Hejduk,0,1,0,1,7.5
2003-04 BAP Memorabilia Jerseys #GJ9 Milan Hejduk,0,1,0,0,8.85
2003-04 BAP Memorabilia Ruby #59 Milan Hejduk,0,0,0,1,1.47
2003-04 Bowman Chrome Refractors #110 Milan Hejduk,0,0,0,1,3
2003-04 Crown Royale Blue #24 Milan Hejduk,0,0,0,1,1.875
2003-04 ITG Used Signature Series Autographs #MHE Milan Hejduk,0,0,1,0,15
2003-04 O-Pee-Chee Blue #272 Milan Hejduk,0,0,0,1,1.47
2003-04 Pacific Blue #84 Milan Hejduk,0,0,0,1,1.125
2003-04 Pacific Calder #146 Milan Hejduk JSY,0,1,0,1,4.5
2003-04 Pacific Calder Silver #23 Milan Hejduk,0,0,0,1,1.25
2003-04 Pacific Exhibit Blue Backs #37 Milan Hejduk,0,0,0,1,1
2003-04 Pacific Invincible Blue #22 Milan Hejduk,0,0,0,1,2
2003-04 Pacific Invincible Red #22 Milan Hejduk,0,0,0,1,1.65
2003-04 Pacific Prism #109 Milan Hejduk JSY/1183,0,1,0,1,5
2003-04 Pacific Prism Blue #109 Milan Hejduk JSY,0,1,0,1,8.175
2003-04 Pacific Prism Red #109 Milan Hejduk JSY,0,1,0,1,10.5
2003-04 Pacific Prism Retail Jerseys #109 Milan Hejduk,0,1,0,1,7.08
2003-04 Pacific Quest for the Cup Blue #24 Milan Hejduk,0,0,0,1,2.2
2003-04 Private Stock Reserve #155 Milan Hejduk JSY,0,1,0,1,6.8
2003-04 SP Game Used #106 Milan Hejduk JSY,0,1,0,0,7
2003-04 Titanium #148 Milan Hejduk JSY,0,1,0,1,7.2
2003-04 Topps C55 Relics #TRMHE Milan Hejduk D,0,1,0,0,8.4
2003-04 Topps Pristine Autographs #PEMH Milan Hejduk A,0,0,1,0,8.92
2003-04 Topps Pristine Jersey Portions #PPJMHE Milan Hejduk A,0,1,0,0,8.7
2003-04 UD Premier Collection Stars Jerseys #STMH Milan Hejduk,0,1,0,1,3.92
2003-04 Upper Deck Ice Clear Cut Winners #CCMH Milan Hejduk,0,1,0,0,10.5
2003-04 Upper Deck Rookie Update Super Stars #SSHJK Milan Hejduk,0,1,0,1,4.9
2003-04 Upper Deck Team Essentials #TSMH Milan Hejduk,0,1,0,0,18
2004-05 Pacific Blue #67 Milan Hejduk,0,0,0,1,1.75
2004-05 SP Authentic Sign of the Times #STMH Milan Hejduk,0,0,1,0,14.6
2004-05 Ultimate Collection #67 Milan Hejduk WC,0,0,0,1,1.495
2004-05 Ultimate Collection Jerseys Gold #UGJHE Milan Hejduk,0,1,0,1,9.95
2005-06 Artifacts #160 Milan Hejduk AS,0,0,0,1,1.32
2005-06 Artifacts Autofacts Silver #AFHE Milan Hejduk,0,0,1,1,9
2005-06 Artifacts Blue #27 Milan Hejduk,0,0,0,1,1.5
2005-06 Artifacts Blue #160 Milan Hejduk,0,0,0,1,3.495
2005-06 Artifacts Green #27 Milan Hejduk,0,0,0,1,4.8
2005-06 Artifacts Pewter #160 Milan Hejduk,0,0,0,1,3.6
2005-06 Artifacts Treasured Swatches #TSMH Milan Hejduk,0,1,0,1,3.5
2005-06 Artifacts Treasured Swatches Copper #TSMH Milan Hejduk,0,1,0,1,6
2005-06 Artifacts Treasured Swatches Dual Copper #TSDMH Milan Hejduk,0,1,0,1,6
2005-06 Be A Player First Period #21 Milan Hejduk,0,0,0,1,8.25
2005-06 Beehive Matted Materials #MMHJ Milan Hejduk,0,1,0,0,14.5
2005-06 Black Diamond Jerseys #JMH Milan Hejduk,0,1,0,0,5.6
2005-06 Parkhurst Facsimile Auto Parallel #122 Milan Hejduk,0,0,0,1,9.75
2005-06 SP Game Used Authentic Fabrics #AFHJ Milan Hejduk,0,1,0,0,5.6
2005-06 SP Game Used Authentic Fabrics Gold #AFHJ Milan Hejduk,0,1,0,1,6
2005-06 SP Game Used Authentic Fabrics Patches #APHJ Milan Hejduk,0,1,0,1,21.25
2005-06 SPx Winning Materials #WMMH Milan Hejduk,0,1,0,1,7
2005-06 SPx Xcitement Superstars #XSHK Milan Hejduk,0,0,0,1,2.2
2005-06 The Cup #30 Milan Hejduk,0,0,0,1,4.8
2005-06 The Cup Emblems of Endorsement #EEMH Milan Hejduk,0,1,1,1,99.95
2005-06 Ultimate Collection #26 Milan Hejduk,0,0,0,1,4.8
2005-06 Ultimate Collection Jerseys #JMH Milan Hejduk,0,1,0,1,4
2005-06 Ultimate Collection Ultimate Signatures #USMH Milan Hejduk,0,0,1,0,5.4
2005-06 Ultra Scoring Kings Jerseys #SKJMH Milan Hejduk,0,1,0,0,2.6
2005-06 Upper Deck Ice Cool Threads #CTMH Milan Hejduk,0,1,0,0,2.9
2005-06 Upper Deck Ice Cool Threads Glass #CTMH Milan Hejduk,0,1,0,1,2
2005-06 Upper Deck Jerseys #JMHE Milan Hejduk,0,1,0,0,4.2
2005-06 Upper Deck Jerseys Series II #J2HJ Milan Hejduk,0,1,0,0,7.2
2005-06 Upper Deck Power Play Specialists Jerseys #TSMH Milan Hejduk,0,1,0,0,5.36
2005-06 Upper Deck Rookie Update #237 Tomas Fleischmann JSY RC/Milan Hejduk JSY,1,1,0,1,21.3
2005-06 Upper Deck Shooting Stars Jerseys #SMH Milan Hejduk,0,1,0,0,5.6
2005-06 Upper Deck Trilogy Honorary Swatches #HSMH Milan Hejduk,0,1,0,0,9.84
2005-06 Upper Deck Trilogy Ice Scripts #ISMH Milan Hejduk,0,0,1,0,16.44
2006-07 Artifacts Bronze #75 Milan Hejduk,0,0,0,1,4.9
2006-07 Artifacts Tundra Tandems Red #TTHS Milan Hejduk/Marek Svatos,0,1,0,1,8
2006-07 Black Diamond Jerseys #JHE Milan Hejduk,0,1,0,0,2.4
2006-07 Flair Showcase Inks #IHJ Milan Hejduk,0,0,1,1,4
2006-07 Flair Showcase Parallel #27 Milan Hejduk,0,0,0,1,5.1
2006-07 Upper Deck Exclusives #49 Milan Hejduk,0,0,0,1,6
2006-07 Upper Deck Game Jerseys #JHE Milan Hejduk,0,1,0,0,7.35
2006-07 Upper Deck MVP Jerseys #OJHH Milan Hejduk/Ales Hemsky,0,1,0,0,9
2006-07 Upper Deck Trilogy Honorary Swatches #HSMH Milan Hejduk,0,1,0,0,8.475
2006-07 Upper Deck Trilogy Ice Scripts #ISMH Milan Hejduk,0,0,1,0,11.25
2007-08 Artifacts Tundra Tandems Metallic Purple #TTHS Milan Hejduk/Marek Svatos,0,1,0,0,6
2007-08 Be A Player Player's Club #51 Milan Hejduk,0,0,0,1,2.395
2008-09 OPC Premier Penmanship #PPMH Milan Hejduk,0,0,1,1,11.16
2008-09 SPx Winning Combos #WCHB Milan Hejduk/Peter Budaj,0,1,0,0,4.45
2008-09 Ultra Ice Medallion #127 Milan Hejduk,0,0,0,1,5.4
2008-09 Upper Deck MVP Super Script #76 Milan Hejduk,0,0,0,1,5
2008-09 Upper Deck MVP Two on Two Jerseys #J2SHSW Joe Sakic/Milan Hejduk/Wojtek Wolski/Ryan Smyth,0,1,0,0,33
2008-09 Upper Deck MVP Two on Two Jerseys #J2SKHG Marian Gaborik/Mikko Koivu/Joe Sakic/Milan Hejduk,0,1,0,0,12.375
2008-09 Upper Deck Trilogy Scripted Swatches Third Star #3RDHE Milan Hejduk,0,1,1,1,12
2008-09 Upper Deck Trilogy Superstar Scripts #SSMH Milan Hejduk,0,0,1,0,8.625
2009-10 Artifacts Silver #84 Milan Hejduk,0,0,0,1,3.7
2009-10 Be A Player Signatures #SHE Milan Hejduk,0,0,1,0,7.95
2009-10 Be A Player Signatures Duals #S2HS Milan Hejduk/Paul Stastny,0,0,1,0,8.005
2009-10 Be A Player Signatures Trios #S3HWS Paul Stastny/Wojtek Wolski/Milan Hejduk,0,0,1,0,11.85
2009-10 O-Pee-Chee Retro Rainbow #101 Milan Hejduk,0,0,0,1,7.2
2009-10 Ultra Ice Medallion #39 Milan Hejduk,0,0,0,1,4.5
2009-10 Upper Deck MVP Two on Two Jerseys #JHBKS Mikko Koivu/Pierre-Marc Bouchard/Milan Hejduk/Paul Stastny,0,1,0,0,10.35
2010-11 Donruss Press Proofs #220 Milan Hejduk,0,0,0,1,5.4
2010-11 Limited #121 Milan Hejduk,0,0,0,1,1.7
2010-11 Limited Threads #121 Milan Hejduk,0,1,0,1,5.18
2010-11 Luxury Suite #81 Milan Hejduk JSY/Matt Duchene JSY,0,1,0,1,5
2010-11 O-Pee-Chee Retro Black Rainbow #238 Milan Hejduk,0,0,0,1,2.4
2010-11 Pinnacle City Lights Materials #66 Milan Hejduk,0,1,0,1,3.2
2010-11 SP Game Used Authentic Fabrics #AFHE Milan Hejduk,0,1,0,0,6
2010-11 SP Game Used Authentic Fabrics Triples #AF3COL Paul Stastny/Milan Hejduk/Matt Duchene,0,1,0,1,18.75
2010-11 SPx Winning Combos #WCHS Milan Hejduk/Paul Stastny,0,1,0,0,5.88
2010-11 SPx Winning Materials #WMHE Milan Hejduk,0,1,0,0,4.76
2010-11 The Cup #70 Milan Hejduk,0,0,0,1,3.6
2010-11 Zenith Winter Warriors Materials #MH Milan Hejduk,0,1,0,0,2.695
2011-12 Artifacts Jerseys #23 Milan Hejduk,0,1,0,1,5.4
2011-12 Artifacts Jerseys Patch Emerald #23 Milan Hejduk,0,1,0,1,10.2
2011-12 Certified Mirror Red #78 Milan Hejduk,0,0,0,1,2.7
2011-12 O-Pee-Chee Black Rainbow #221 Milan Hejduk,0,0,0,1,7.2
2011-12 Panini Titanium Game Worn Gear #45 Milan Hejduk,0,1,0,0,5.2
2011-12 SP Game Used Authentic Fabrics Gold #AFHE1 Milan Hejduk 2 C,0,1,0,0,6
2011-12 SP Game Used Authentic Fabrics Gold #AFHE3 Milan Hejduk H D,0,1,0,0,6
2011-12 SP Game Used Authentic Fabrics Patches #AFHE Milan Hejduk/35,0,1,0,1,15
2011-12 SP Game Used Letter Marks #LMMH Milan Hejduk,0,0,1,1,39.8
2012-13 Artifacts Treasured Swatches Jerseys Blue #TSMH Milan Hejduk C,0,1,0,0,4.8
2012-13 Dominion Patches Autographs #43 Milan Hejduk/60/(inserted in 2013-14 Anthology),0,1,1,1,10
2012-13 Limited #157 Milan Hejduk/199 C,0,0,0,1,3
2012-13 Limited Silver #157 Milan Hejduk C,0,0,0,1,5.095
2012-13 Limited Trophy Winners #TW34 Milan Hejduk,0,0,0,1,5.4
2012-13 Upper Deck Exclusives #42 Milan Hejduk,0,0,0,1,7.2
2013-14 Artifacts Jerseys Patch Emerald #69 Milan Hejduk,0,1,0,1,7.5
2013-14 Artifacts Sapphire #69 Milan Hejduk,0,0,0,1,4.2
2013-14 Crown Royale Silver Chalice Materials #SIMHE Milan Hejduk,0,1,0,0,9
2013-14 Score Team 8s Jerseys #AVS Gabriel Landeskog/Steve Downie/Michael Sgarbossa/Matt Duchene/Calvin Pickard/Jean-Sebastien Giguere/Erik Johnson/Milan Hejduk,0,1,0,0,16.25
1996-97 Donruss Canadian Ice O Canada #1 Joe Sakic,0,0,0,1,13.5
1996-97 Donruss Elite Inserts #7 Joe Sakic,0,0,0,1,3.6
1996-97 Donruss Elite Inserts Gold #7 Joe Sakic,0,0,0,1,9.8
1996-97 Donruss Elite Status #11 Joe Sakic,0,0,0,1,8.4
1996-97 Donruss Go Top Shelf #3 Joe Sakic,0,0,0,1,9
1996-97 Leaf Leather And Laces #1 Joe Sakic,0,0,0,1,11.4
1996-97 Leaf Preferred Steel Power #1 Joe Sakic,0,0,0,1,6
1996-97 Summit High Voltage #2 Joe Sakic,0,0,0,1,6.44
1996-97 Upper Deck Lord Stanley's Heroes Quarterfinals #LS7 Joe Sakic,0,0,0,1,6.25
1997-98 Donruss Canadian Ice National Pride #17 Joe Sakic,0,0,0,1,12.675
1997-98 Donruss Canadian Ice Stanley Cup Scrapbook #3 Joe Sakic Q,0,0,0,1,10
1997-98 Donruss Elite Craftsmen #3 Joe Sakic,0,0,0,1,3.7
1997-98 Donruss Line 2 Line #12 Joe Sakic R,0,0,0,1,8.925
1997-98 Donruss Preferred Line of the Times #8A Joe Sakic,0,0,0,1,13.5
1997-98 Leaf Banner Season #24 Joe Sakic,0,0,0,1,6.6
1997-98 Pinnacle Totally Certified Platinum Blue #50 Joe Sakic,0,0,0,1,8.925
1997-98 Pinnacle Totally Certified Platinum Red #50 Joe Sakic,0,0,0,1,5
1997-98 Studio Hard Hats #17 Joe Sakic,0,0,0,1,9.675
1997-98 Studio Silhouettes #12 Joe Sakic,0,0,0,1,14.25
1997-98 Upper Deck Sixth Sense Masters #SS19 Joe Sakic,0,0,0,1,11.25
1998-99 Black Diamond Myriad #M13 Joe Sakic,0,0,0,1,10.8
1998-99 Pacific Dynagon Ice Adrenaline Rush Bronze #6 Joe Sakic,0,0,0,1,5
1998-99 Pacific Dynagon Ice Adrenaline Rush Red #6 Joe Sakic,0,0,0,1,10
1998-99 Pacific Dynagon Ice Adrenaline Rush Silver #6 Joe Sakic,0,0,0,1,6
1998-99 Revolution Three Pronged Attack Parallel #24 Joe Sakic,0,0,0,1,9
1998-99 SP Authentic Stat Masters #S8 Joe Sakic/900,0,0,0,1,6
1998-99 SPx Finite #22 Joe Sakic,0,0,0,1,2.245
1998-99 SPx Finite #92 Joe Sakic GI,0,0,0,1,3.125
1998-99 SPx Finite #163 Joe Sakic MP,0,0,0,1,6.125
1999-00 BAP Memorabilia Silver #103 Joe Sakic,0,0,0,1,4.05
1999-00 BAP Millennium Ruby #67 Joe Sakic,0,0,0,1,7.125
1999-00 Pacific Prism Holographic Gold #41 Joe Sakic,0,0,0,1,2.34
1999-00 Paramount Holographic Silver #68 Joe Sakic,0,0,0,1,19.875
1999-00 Revolution Red #43 Joe Sakic,0,0,0,1,18
1999-00 SPx Radiance #39 Joe Sakic,0,0,0,1,72
1999-00 Stadium Club One of a Kind #47 Joe Sakic,0,0,0,1,27
2000-01 BAP Memorabilia Ruby #233 Joe Sakic,0,0,0,1,10.8
2000-01 BAP Memorabilia Update Teammates #TM28 Patrick Roy/Joe Sakic,0,1,0,0,72
2000-01 BAP Signature Series He Shoots He Scores Prizes #22 Joe Sakic,0,1,0,0,50
2000-01 BAP Signature Series Ruby #167 Joe Sakic,0,0,0,1,6
2000-01 BAP Signature Series Sapphire #167 Joe Sakic,0,0,0,1,10
2000-01 BAP Ultimate Memorabilia Game-Used Jerseys #GJ28 Joe Sakic,0,1,0,0,39.5
2000-01 Black Diamond Game Gear #GSA Joe Sakic Glove Upd,0,1,0,0,27
2000-01 Crown Royale Game-Worn Jersey Redemptions #3 Joe Sakic/475,0,1,0,1,8.34
2000-01 Crown Royale Limited Series #31 Joe Sakic,0,0,0,1,30
2000-01 Crown Royale Premiere Date #31 Joe Sakic,0,0,0,1,15
2000-01 Pacific Copper #121 Joe Sakic,0,0,0,1,17.5
2000-01 Pacific Jerseys #4 Joe Sakic,0,1,0,0,8.4
2000-01 Paramount HoloSilver #63 Joe Sakic,0,0,0,1,20.625
2000-01 Paramount Ice Blue #63 Joe Sakic,0,0,0,1,20
2000-01 Paramount Premiere Date #63 Joe Sakic,0,0,0,1,35
2000-01 Private Stock Game Gear #29 Joe Sakic J/S,0,1,0,0,36
2000-01 Private Stock Game Gear #30 Joe Sakic J,0,1,0,0,23.125
2000-01 Private Stock Gold #26 Joe Sakic,0,0,0,1,10
2000-01 Private Stock PS-2001 Stars #8 Joe Sakic,0,0,0,1,12.5
2000-01 Private Stock Premiere Date #26 Joe Sakic,0,0,0,1,22.5
2000-01 Revolution Blue #39 Joe Sakic,0,0,0,1,22.5
2000-01 Revolution Red #39 Joe Sakic,0,0,0,1,23.75
2000-01 Revolution Stat Masters #24 Joe Sakic/299,0,0,0,1,5
2000-01 SP Game Used Tools of the Game #JS Joe Sakic,0,1,0,0,9
2000-01 SP Game Used Tools of the Game Exclusives #JS Joe Sakic,0,1,0,1,27
2000-01 Stadium Club Souvenirs #SCS2 Joe Sakic,0,1,0,0,27
2000-01 Titanium All-Stars #5NA Joe Sakic,0,0,0,1,4.2
2000-01 Titanium Draft Day Edition #26 Joe Sakic/535,0,1,0,1,10
2000-01 Titanium Game Gear #9 Joe Sakic/224,0,1,0,1,15
2000-01 Titanium Gold #23 Joe Sakic,0,0,0,1,18.6
2000-01 Titanium Premiere Date #23 Joe Sakic,0,0,0,1,10.5
2000-01 Titanium Red #23 Joe Sakic,0,0,0,1,11.435
2000-01 Titanium Three-Star Selections #12 Joe Sakic,0,0,0,1,2.8
2000-01 Upper Deck Ice Game Jerseys #ISA Joe Sakic Upd,0,1,0,0,18.75
2000-01 Upper Deck Legends Legendary Game Jerseys #JJS Joe Sakic,0,1,0,0,18
2000-01 Vanguard Dual Game-Worn Jerseys #3 Joe Sakic/Eric Lindros/250,0,1,0,1,13.5
2000-01 Vanguard High Voltage Red #9 Joe Sakic,0,0,0,1,2.1
2000-01 Vanguard Holographic Purple #30 Joe Sakic,0,0,0,1,10.8
2001-02 BAP Memorabilia All-Star Teammates #AST41 Joe Sakic/Mike Modano,0,1,0,0,36
2001-02 BAP Memorabilia Stanley Cup Playoffs #SC9 Joe Sakic/95,0,1,0,1,20
2001-02 Pacific Adrenaline Blade Runners #3 Joe Sakic,0,0,0,1,36
2001-02 Pacific Adrenaline Jerseys #10 Joe Sakic,0,1,0,0,9.9
2001-02 Pacific Heads Up Quad Jerseys #8 Peter Forsberg/Joe Sakic/Aaron Miller/Dave Reid,0,1,0,0,12.775
2001-02 Pacific Heads Up Rink Immortals #3 Joe Sakic,0,0,0,1,15
2001-02 Parkhurst Sticks #PS15 Joe Sakic,0,1,0,1,36
2001-02 SP Authentic #94 Joe Sakic ATG,0,0,0,1,3.57
2001-02 SP Authentic Jerseys #NNJS Joe Sakic/1178,0,1,0,1,15.625
2001-02 Titanium Double-Sided Jerseys #12 Joe Sakic/Alex Tanguay,0,1,0,0,6.95
2001-02 Titanium Double-Sided Patches #12 Joe Sakic/Alex Tanguay/259,0,1,0,1,11.25
2001-02 UD Challenge for the Cup Jerseys #TNJS Joe Sakic Dual,0,1,0,0,16.525
2002-03 BAP Signature Series Autograph Buybacks 2001 #LJS Joe Sakic,0,0,1,0,65
2002-03 BAP Signature Series Franchise Players #FJ9 Joe Sakic,0,1,0,0,24
2002-03 BAP Signature Series Triple Memorabilia #TM10 Joe Sakic,0,1,0,0,72
2002-03 Pacific Calder Silver #35 Joe Sakic,0,0,0,1,5.4
2002-03 Pacific Jerseys #11 Joe Sakic,0,1,0,0,15
2002-03 Parkhurst Patented Power Jerseys #PP5 Joe Sakic/Mike Modano,0,1,0,0,29.75
2002-03 Parkhurst Retro Franchise Players #RF9 Joe Sakic,0,1,0,0,19.6
2002-03 Parkhurst Stick and Jerseys #SJ34 Joe Sakic,0,1,0,0,39.5
2002-03 SPx #131 Joe Sakic CA/1257,0,0,0,1,7
2002-03 SPx Smooth Skaters #JS Joe Sakic,0,1,0,1,17.5
2002-03 SPx Spectrum Silver #83 Joe Sakic,0,0,0,1,6.8
2002-03 UD Piece of History #104 Joe Sakic SR,0,0,0,1,3.24
2002-03 UD Premier Collection Jerseys Bronze #SR Joe Sakic/Steven Reinprecht,0,1,0,1,12
2002-03 UD Top Shelf Dual Player Jerseys #STSH Dan Hinote/Joe Sakic,0,1,0,1,28
1995-96 Donruss Elite Cutting Edge #4 Peter Forsberg,0,0,0,1,4.8
1995-96 Leaf Limited Stars of the Game #4 Peter Forsberg,0,0,0,1,5.385
1996-97 Donruss Elite Status #7 Peter Forsberg,0,0,0,1,35.925
1996-97 Donruss Hit List #14 Peter Forsberg,0,0,0,1,3.175
1996-97 Leaf Limited Bash The Boards #8 Peter Forsberg,0,0,0,1,13.5
1996-97 Leaf Preferred Steel Power #6 Peter Forsberg,0,0,0,1,3.45
1996-97 Leaf The Best Of #8 Peter Forsberg,0,0,0,1,7.5
1996-97 Summit High Voltage #6 Peter Forsberg,0,0,0,1,25
1996-97 Upper Deck Lord Stanley's Heroes Quarterfinals #LS8 Peter Forsberg,0,0,0,1,5.4
1996-97 Upper Deck Lord Stanley's Heroes Semifinals #LS8 Peter Forsberg,0,0,0,1,20
1997-98 Donruss Canadian Ice Dominion Series #6 Peter Forsberg,0,0,0,1,22.5
1997-98 Donruss Canadian Ice Provincial Series #6 Peter Forsberg,0,0,0,1,12.075
1997-98 Donruss Canadian Ice Stanley Cup Scrapbook #18 Peter Forsberg CS,0,0,0,1,20
1997-98 Donruss Elite Back to the Future #5 Sergei Fedorov/Peter Forsberg,0,0,0,1,10.8
1997-98 Donruss Elite Craftsmen #23 Peter Forsberg,0,0,0,1,6.75
1997-98 Donruss Elite Inserts #7 Peter Forsberg,0,0,0,1,6.8
1997-98 Donruss Limited #2 Peter Forsberg/Michael Knuble C RC,1,0,0,0,0.89
1997-98 Donruss Line 2 Line #4 Peter Forsberg R,0,0,0,1,4.29
1997-98 Donruss Preferred Line of the Times #7B Peter Forsberg,0,0,0,1,25
1997-98 Leaf Banner Season #13 Peter Forsberg,0,0,0,1,6.915
1997-98 Leaf Fire On Ice #12 Peter Forsberg,0,0,0,1,7.5
1997-98 Leaf International Universal Ice #3 Peter Forsberg,0,0,0,1,13.5
1997-98 Pinnacle Certified Gold Team #10 Peter Forsberg,0,0,0,1,16
1997-98 Pinnacle Totally Certified Platinum Blue #32 Peter Forsberg,0,0,0,1,14
1997-98 Pinnacle Totally Certified Platinum Red #32 Peter Forsberg,0,0,0,1,6.5
1997-98 Studio Hard Hats #16 Peter Forsberg,0,0,0,1,16.44
1997-98 Upper Deck Sixth Sense Masters #SS21 Peter Forsberg,0,0,0,1,10.35
1998-99 Black Diamond Double Diamond #21 Peter Forsberg,0,0,0,1,6.575
1998-99 Black Diamond Winning Formula Gold #WF7 Peter Forsberg/1250,0,0,0,1,14.88
1998-99 Bowman's Best Atomic Refractors #12 Peter Forsberg,0,0,0,1,109
1998-99 Bowman's Best Scotty Bowman's Best Refractors #SB8 Peter Forsberg,0,0,0,1,25.5
1998-99 Crown Royale Living Legends #4 Peter Forsberg,0,0,0,1,7
1998-99 Finest Centurion #C7 Peter Forsberg,0,0,0,1,7
1998-99 Pacific Dynagon Ice Adrenaline Rush Bronze #4 Peter Forsberg,0,0,0,1,5
1998-99 Pacific Dynagon Ice Adrenaline Rush Red #4 Peter Forsberg,0,0,0,1,10
1998-99 Pacific Dynagon Ice Adrenaline Rush Silver #4 Peter Forsberg,0,0,0,1,6
1998-99 Pacific Titanium Ice #5 Peter Forsberg,0,0,0,1,8.25
1998-99 Paramount HoloElectric #55 Peter Forsberg,0,0,0,1,7.5
1998-99 Revolution Three Pronged Attack Parallel #23 Peter Forsberg,0,0,0,1,10.8
1998-99 SP Authentic Power Shift #20 Peter Forsberg,0,0,0,1,18
1998-99 SP Authentic Stat Masters #S19 Peter Forsberg/400,0,0,0,1,10.8
1998-99 SPx Finite #95 Peter Forsberg GI,0,0,0,1,4.5
1998-99 SPx Finite #166 Peter Forsberg MP,0,0,0,1,6.25
1998-99 SPx Finite #178 Peter Forsberg LL,0,0,0,1,18.5
1998-99 SPx Finite Radiance #95 Peter Forsberg GI,0,0,0,1,9
1998-99 SPx Finite Radiance #166 Peter Forsberg MP,0,0,0,1,25
1998-99 SPx Finite Radiance #178 Peter Forsberg LL,0,0,0,1,35
1998-99 UD3 Die-Cuts #93 Peter Forsberg TSS/1000,0,0,0,1,10.5
1998-99 Upper Deck Fantastic Finishers Quantum 1 #FF17 Peter Forsberg,0,0,0,1,10.8
1998-99 Upper Deck Generation Next Quantum 1 #GN25 Peter Forsberg/Olli Jokinen,0,0,0,1,4
1998-99 Upper Deck Lord Stanley's Heroes Quantum 1 #LS12 Peter Forsberg,0,0,0,1,6
1999-00 Aurora Complete Players #4 Peter Forsberg,0,0,0,1,30
1999-00 Crown Royale Cramer's Choice Jumbos Dark Blue #3 Peter Forsberg,0,0,0,1,30
1999-00 Stadium Club Capture the Action Game View #CAG12 Peter Forsberg,0,0,0,1,24.5
1999-00 Upper Deck Game Jerseys #PF Peter Forsberg,0,1,0,0,45
1999-00 Upper Deck MVP SC Edition Game-Used Souvenirs #GUPF Peter Forsberg,0,1,0,0,17.5
2000-01 Aurora Championship Fever Copper #5 Peter Forsberg,0,0,0,1,45
2000-01 Aurora Championship Fever Platinum Blue #5 Peter Forsberg,0,0,0,1,45
2000-01 Crown Royale Landmarks #3 Peter Forsberg,0,0,0,1,21
2000-01 Private Stock Game Gear #24 Peter Forsberg S,0,1,0,0,28
2000-01 Private Stock Game Gear #25 Peter Forsberg J/S,0,1,0,0,36
2000-01 Private Stock PS-2001 Stars #6 Peter Forsberg,0,0,0,1,12.5
2000-01 Revolution NHL Game Gear #1 Peter Forsberg,0,1,0,1,36
2000-01 SP Game Used Tools of the Game #PF Peter Forsberg,0,1,0,0,10.5
2000-01 SPx Winning Materials #PF Peter Forsberg,0,1,0,0,18.75
2000-01 Titanium Game Gear #7 Peter Forsberg/235,0,1,0,1,10
2000-01 Topps Gold Label Game-Worn Jerseys #GLJPF Peter Forsberg,0,1,0,0,17.5
2000-01 Upper Deck Legends Legendary Game Jerseys #JPF Peter Forsberg,0,1,0,0,17
2000-01 Upper Deck MVP Game-Used Souvenirs #GSPF Peter Forsberg,0,1,0,0,23.25
2000-01 Upper Deck Pros and Prospects Game Jerseys #PF Peter Forsberg,0,1,0,0,11.25
2001-02 Pacific Heads Up Quad Jerseys #8 Peter Forsberg/Joe Sakic/Aaron Miller/Dave Reid,0,1,0,0,12.775
2001-02 UD Challenge for the Cup Jerseys #FPPF Peter Forsberg,0,1,0,0,13
2001-02 UD Playmakers Jerseys #JPF Peter Forsberg,0,1,0,0,8.85
2001-02 UD Top Shelf Jerseys #PF Peter Forsberg SC,0,1,0,0,18.75
2002-03 BAP First Edition Jerseys #144 Peter Forsberg,0,1,0,0,36
2002-03 BAP Memorabilia Sapphire #128 Peter Forsberg,0,0,0,1,7.35
2002-03 ITG Used Jersey and Stick #SJ3 Peter Forsberg,0,1,0,1,30
2002-03 Pacific Calder Jerseys #7 Peter Forsberg,0,1,0,0,14.88
2002-03 Pacific Calder Silver #15 Peter Forsberg,0,0,0,1,4.185
2002-03 Pacific Quest For the Cup Jerseys #5 Peter Forsberg,0,1,0,0,9.5
2002-03 Parkhurst Milestones #MS9 Peter Forsberg,0,1,0,0,39.9
2002-03 SPx Spectrum Silver #19 Peter Forsberg,0,0,0,1,3.92
2002-03 UD Artistic Impressions Gold #23 Peter Forsberg,0,0,0,1,8
2002-03 UD Mask Collection Instant Offense Jerseys #IOPF Peter Forsberg,0,1,0,1,15
2002-03 UD Premier Collection Jerseys Bronze #PF Peter Forsberg,0,1,0,1,8
2002-03 UD Premier Collection Jerseys Bronze #PG Peter Forsberg,0,1,0,1,14.88
2002-03 UD Premier Collection Jerseys Gold #PG Peter Forsberg,0,1,0,1,24.75
2002-03 Upper Deck MVP Golden Classics #46 Peter Forsberg,0,0,0,1,36
2002-03 Upper Deck MVP Skate Around Jerseys #SAPF Peter Forsberg,0,1,0,0,16.875
2002-03 Upper Deck Vintage Jerseys #SOPF Peter Forsberg,0,1,0,0,12.75
2003-04 BAP Memorabilia Ruby #72 Peter Forsberg,0,0,0,1,4.76
2003-04 BAP Ultimate Memorabilia Always An All-Star #12 Peter Forsberg,0,1,0,1,59.99
2003-04 Beehive Sticks Beige Border #BE28 Peter Forsberg,0,1,0,0,16.875
2003-04 Beehive Sticks Red Border #RE3 Peter Forsberg,0,1,0,0,27.75
2003-04 Black Diamond Threads Green #DTPF Peter Forsberg,0,1,0,1,36
2003-04 Bowman Chrome Refractors #21 Peter Forsberg,0,0,0,1,10
2003-04 Crown Royale Blue #23 Peter Forsberg,0,0,0,1,5.4
2003-04 Crown Royale Jerseys #6 Peter Forsberg,0,1,0,0,9.675
2003-04 Crown Royale Patches #6 Peter Forsberg,0,1,0,0,21.6
2003-04 ITG Used Signature Series Game-Day Jerseys #8 Peter Forsberg,0,1,0,0,49.5
2009-10 Be A Player Rookie Jerseys #RJMD Matt Duchene,0,1,0,1,10.275
2009-10 Be A Player Rookie Jerseys Autographs #RJMD Matt Duchene,0,1,1,1,32.5
2009-10 Be A Player Signatures #SMD Matt Duchene,0,0,1,0,24.225
2009-10 Be A Player Signatures Duals #S2DO Ryan O'Reilly/Matt Duchene,0,0,1,0,17.495
2009-10 Black Diamond #221 Matt Duchene RC,1,0,0,0,18
2009-10 Collector's Choice #251 Matt Duchene RC,1,0,0,0,3.305
2009-10 O-Pee-Chee #799 Matt Duchene RC,1,0,0,0,1.985
2009-10 OPC Premier Foursomes #SGDO Paul Stastny/T.J. Galiardi/Matt Duchene/Ryan O'Reilly,0,1,0,1,12
2009-10 OPC Premier Stitchings #PSMD Matt Duchene,0,0,0,1,8
2009-10 OPC Premier Trios Patches #3JGDO Matt Duchene/Ryan O'Reilly/T.J. Galiardi,0,1,0,1,60
2009-10 SPx #175 Matt Duchene JSY AU RC/499,1,1,1,1,30
2009-10 SPx SPXcitement #X25 Matt Duchene,0,0,0,1,5
2009-10 Ultimate Collection Debut Threads #UDTMD Matt Duchene,0,1,0,1,13
2009-10 Ultimate Collection Ultimate Signatures #USMD Matt Duchene,0,0,1,0,14.99
2009-10 Upper Deck #203 Matt Duchene YG RC,1,0,0,0,19.75
2009-10 Upper Deck Champ's #153 Matt Duchene RC,1,0,0,0,9
2009-10 Upper Deck Ice Fresh Threads #FTDU Matt Duchene,0,1,0,0,24
2009-10 Upper Deck Ice Fresh Threads Autographs #FTDU Matt Duchene,0,1,1,1,80
2009-10 Upper Deck MVP #371 Matt Duchene RC,1,0,0,0,5.6
2009-10 Upper Deck Trilogy #163 Matt Duchene RC,1,0,0,1,23.85
2009-10 Upper Deck Victory #305 Matt Duchene RC,1,0,0,0,2.645
2010-11 Artifacts #157 Matt Duchene S,0,0,0,1,2.98
2010-11 Artifacts Silver #16 Matt Duchene,0,0,0,1,9.6
2010-11 Artifacts Treasured Swatches Silver #TSMD Matt Duchene,0,1,0,1,7.5
2010-11 Black Diamond Gemography #GMD Matt Duchene,0,0,1,0,29.95
2010-11 Black Diamond Gold #106 Matt Duchene,0,0,0,1,39.5
2010-11 Crown Royale Purple #26 Matt Duchene,0,0,0,1,7.425
2010-11 Dominion #27 Matt Duchene,0,0,0,1,4.495
2010-11 Limited #87 Matt Duchene,0,0,0,1,2.94
2010-11 Luxury Suite #19 Matt Duchene JSY,0,1,0,1,6.25
2010-11 Luxury Suite #81 Milan Hejduk JSY/Matt Duchene JSY,0,1,0,1,5
2010-11 O-Pee-Chee Retro Black Rainbow #428 Matt Duchene,0,0,0,1,3.6
2010-11 Playoff Contenders Lottery Winners Purple #7 Matt Duchene,0,0,0,1,2.94
2010-11 Playoff Contenders Playoff Tickets #25 Matt Duchene,0,0,0,1,4.4
2010-11 SP Game Used Authentic Fabrics #AFMD Matt Duchene,0,1,0,0,6
2010-11 SP Game Used Authentic Fabrics Gold #AFMD Matt Duchene,0,1,0,1,7.5
2010-11 SP Game Used Authentic Fabrics Triples #AF3COL Paul Stastny/Milan Hejduk/Matt Duchene,0,1,0,1,18.75
2010-11 SP Game Used Gold #24 Matt Duchene,0,0,0,1,4.8
2010-11 SPx Winning Combos #WCSD Matt Duchene/Paul Stastny,0,1,0,0,7.35
2010-11 SPx Winning Combos #WCTD John Tavares/Matt Duchene,0,1,0,0,12.25
2010-11 SPx Winning Materials #WMMD Matt Duchene,0,1,0,0,5.34
2010-11 Ultimate Collection #15 Matt Duchene,0,0,0,1,2.875
2010-11 Ultimate Collection Ultimate Signatures #USMD Matt Duchene,0,0,1,0,18
2010-11 Upper Deck Exclusives High Gloss Holofoil #148 Matt Duchene,0,0,0,1,25
2010-11 Zenith Mozaics Materials #5 T.J. Galiardi/Paul Stastny/Matt Duchene,0,1,0,0,6.25
2010-11 Zenith Mozaics Materials Triple #5 T.J. Galiardi/Paul Stastny/Matt Duchene,0,1,0,0,11.175
2011-12 Artifacts #146 Matt Duchene S,0,0,0,1,2.315
2011-12 Artifacts Tundra Tandems Jerseys Blue #TT2SD Matt Duchene/Paul Stastny,0,1,0,1,9
2011-12 Certified Shirt Off My Back Combos #11 Joe Sakic/Matt Duchene,0,1,0,1,9.8
2011-12 Dominion #45 Matt Duchene,0,0,0,1,3.125
2011-12 Elite Materials #35 Matt Duchene,0,1,0,0,9
2011-12 Limited Jumbo Materials Prime #12 Matt Duchene/50,0,1,0,1,12.25
2011-12 Limited Team Trademarks #12 Matt Duchene,0,0,0,1,4.5
2011-12 Limited Team Trademarks Materials #12 Matt Duchene,0,1,0,1,7.5
2011-12 Limited Team Trademarks Materials Prime #12 Matt Duchene/25,0,1,0,1,25.5
2011-12 Limited Team Trademarks Silver Spotlight #12 Matt Duchene,0,0,0,1,7.5
2011-12 Panini Contenders #109 Matt Duchene CC,0,0,0,1,2.625
2011-12 Panini Prime #23 Matt Duchene,0,0,0,1,3
2011-12 Panini Prime Namesakes Autographs #51 Matt Duchene/75,0,1,1,1,24.75
2011-12 Panini Prime Silver #23 Matt Duchene,0,0,0,1,13.5
2011-12 SP Game Used Authentic Fabrics #AFMD Matt Duchene,0,1,0,1,6
2011-12 SP Game Used Authentic Fabrics Fives Patches #AF5AVS Jean-Sebastien Giguere/Matt Duchene/Paul Stastny/Peter Mueller/Erik Johnson,0,1,0,1,149.95
2011-12 SP Game Used Authentic Fabrics Gold #AFMD1 Matt Duchene # D,0,1,0,0,5
2011-12 SP Game Used Authentic Fabrics Gold #AFMD4 Matt Duchene M D,0,1,0,0,8
2011-12 SPx Winning Materials #WMMD Matt Duchene E,0,1,0,0,6.9
2011-12 The Cup #25 Matt Duchene,0,0,0,1,8.5
2011-12 Ultimate Collection #16 Matt Duchene,0,0,0,1,4.875
2011-12 Ultimate Collection Ultimate Signatures #USMD Matt Duchene E,0,0,1,0,15
2011-12 Upper Deck Game Jerseys #GJMD Matt Duchene 1 E,0,1,0,0,7.71
2011-12 Upper Deck Game Jerseys #GJ2MD Matt Duchene 2 C,0,1,0,0,6.95
2012-13 Artifacts Emerald #59 Matt Duchene,0,0,0,1,9
2012-13 Certified Fabric of the Game #FOGMD Matt Duchene/299,0,1,0,1,9
2012-13 Dominion #12 Matt Duchene,0,0,0,1,10
2012-13 Limited #74 Matt Duchene,0,0,0,1,3.6
2012-13 Panini Contenders Cup Contenders #4 Matt Duchene,0,0,0,1,2.25
2012-13 SP Game Used Authentic Fabrics Fives #AF5COL Matt Duchene/Gabriel Landeskog/Paul Stastny/Semyon Varlamov/Jean-Sebastien Giguere,0,1,0,0,22.5
2012-13 SP Game Used Authentic Fabrics Triples #AF3SDL Paul Stastny/Matt Duchene/Gabriel Landeskog,0,1,0,0,9
2012-13 SP Game Used Authentic Fabrics Triples Patches #AF3SDL Paul Stastny/Matt Duchene/Gabriel Landeskog,0,1,0,1,60
2012-13 The Cup Gold #22 Matt Duchene,0,0,0,1,22.5
2012-13 The Cup Trios Patches #C3AVS Paul Stastny/Matt Duchene/Gabriel Landeskog,0,1,0,1,80
2012-13 Ultimate Collection Ultimate Signature Masterpieces #USMMD Matt Duchene C,0,0,1,0,36
2012-13 Upper Deck Game Jerseys #GJMD Matt Duchene F,0,1,0,0,7.44
2013-14 Artifacts Frozen Artifacts Jerseys Blue #FAMR Matt Duchene B,0,1,0,0,5
2013-14 Artifacts Sapphire #57 Matt Duchene,0,0,0,1,7.5
2013-14 Artifacts Tundra Tandems Jerseys Blue #TTSD Matt Duchene/Paul Stastny C,0,1,0,0,8.04
2013-14 Artifacts Tundra Trios Jerseys Blue #T3GSD Matt Duchene/Jean-Sebastien Giguere/Paul Stastny D,0,1,0,0,9
2013-14 Crown Royale Red #52 Matt Duchene,0,0,0,1,5.6
2013-14 Dominion #23 Matt Duchene,0,0,0,1,3.6
2013-14 Dominion Gold #23 Matt Duchene,0,0,0,1,3.99
2013-14 Fleer Showcase Metal Universe Precious Metal Gems Red #MU25 Matt Duchene,0,0,0,1,8
2013-14 Fleer Showcase Stitches #SMD Matt Duchene,0,1,0,0,4.5
2013-14 Panini Contenders Hart Contenders #HC6 Matt Duchene,0,0,0,1,1.75
2013-14 Panini National Treasures Jumbo Jerseys Booklet #17 Matt Duchene/99,0,1,0,1,10
2013-14 Panini National Treasures Jumbo Jerseys Booklet Prime #17 Matt Duchene,0,1,0,1,18
2013-14 Panini Playbook #19 Matt Duchene,0,0,0,1,4.5
2013-14 Panini Prime #22 Matt Duchene,0,0,0,1,3.995
2013-14 Panini Prime Quad Jerseys #QHTDG Jonathan Huberdeau/Jonathan Toews/Matt Duchene/Alex Galchenyuk,0,1,0,0,15
2013-14 Panini Rookie Anthology Gold #22 Matt Duchene,0,0,0,1,9
2013-14 Panini Titanium Game Worn Gear Dual Memorabilia #GDLD Milan Lucic/Matt Duchene/300,0,1,0,1,7.2
2013-14 SP Game Used Authentic Fabrics Dual #AF2PD P.A. Parenteau/Matt Duchene D,0,1,0,0,7.5
1995-96 Donruss Elite Painted Warriors #1 Patrick Roy,0,0,0,1,9.675
1995-96 Leaf Limited Stick Side #4 Patrick Roy,0,0,0,1,25
1996-97 Donruss Between the Pipes #1 Patrick Roy,0,0,0,1,9.98
1996-97 Donruss Elite Inserts #10 Patrick Roy,0,0,0,1,9.675
1996-97 Donruss Elite Painted Warriors #1 Patrick Roy,0,0,0,1,19
1996-97 Summit In The Crease #1 Patrick Roy,0,0,0,1,11.25
1996-97 Upper Deck Lord Stanley's Heroes Quarterfinals #LS6 Patrick Roy,0,0,0,1,10.125
1997-98 Donruss Between the Pipes #1 Patrick Roy,0,0,0,1,7.475
1997-98 Donruss Canadian Ice Les Gardiens #1 Patrick Roy,0,0,0,1,21
1997-98 Donruss Canadian Ice Provincial Series #1 Patrick Roy,0,0,0,1,27
1997-98 Donruss Elite Craftsmen #14 Patrick Roy,0,0,0,1,11.5
1997-98 Donruss Priority Postmaster Generals #1 Patrick Roy,0,0,0,1,21.375
1997-98 Leaf Pipe Dreams #3 Patrick Roy,0,0,0,1,21
1997-98 Pinnacle Totally Certified Platinum Blue #2 Patrick Roy,0,0,0,1,12
1997-98 Pinnacle Totally Certified Platinum Red #2 Patrick Roy,0,0,0,1,18.75
1997-98 Studio Silhouettes 8x10 #3 Patrick Roy,0,0,0,1,9.9
1998-99 Black Diamond Winning Formula Gold #WF6 Patrick Roy/1550,0,0,0,1,28
1998-99 Revolution Three Pronged Attack Parallel #12 Patrick Roy,0,0,0,1,18.75
1998-99 SPx Finite #24 Patrick Roy,0,0,0,1,3.74
1998-99 SPx Finite #119 Patrick Roy GI,0,0,0,1,2.99
1998-99 SPx Finite #154 Patrick Roy MP,0,0,0,1,11.25
1998-99 SPx Finite #171 Patrick Roy LL,0,0,0,1,14.67
1998-99 Upper Deck MVP Game Souvenirs #PR Patrick Roy,0,1,0,0,29.8
1999-00 Aurora Championship Fever Ice Blue #8 Patrick Roy,0,0,0,1,39.5
1999-00 Aurora Complete Players #5 Patrick Roy,0,0,0,1,30
1999-00 Crown Royale Gold Crown Die-Cuts Jumbos #3 Patrick Roy,0,0,0,1,10
1999-00 Upper Deck Ovation A Piece Of History #PR Patrick Roy,0,1,0,0,25.875
2000-01 Aurora Championship Fever Copper #6 Patrick Roy,0,0,0,1,50
2000-01 Aurora Championship Fever Platinum Blue #6 Patrick Roy,0,0,0,1,90
2000-01 BAP Memorabilia Update Teammates #TM28 Patrick Roy/Joe Sakic,0,1,0,0,72
2000-01 Crown Royale Landmarks #4 Patrick Roy,0,0,0,1,30
2000-01 Pacific Jerseys #3 Patrick Roy,0,1,0,0,25
2000-01 Private Stock Game Gear #28 Patrick Roy S,0,1,0,0,15
2000-01 Private Stock PS-2001 Stars #7 Patrick Roy,0,0,0,1,45
2000-01 SP Game Used Tools of the Game #PR Patrick Roy,0,1,0,0,15
2000-01 SPx Winning Materials #PR Patrick Roy,0,1,0,0,19.875
2000-01 Stadium Club Beam Team #BT12 Patrick Roy,0,0,0,1,27
2000-01 Titanium Three-Star Selections #2 Patrick Roy,0,0,0,1,6
2000-01 Topps Stars Game Gear #GGPR Patrick Roy J,0,1,0,0,28
2000-01 Upper Deck Ice Game Jerseys #IRO Patrick Roy Upd,0,1,0,0,34.8
2000-01 Upper Deck Legends Legendary Game Jerseys #JPR Patrick Roy,0,1,0,0,75
2000-01 Upper Deck Pros and Prospects Game Jerseys #PR Patrick Roy,0,1,0,0,19
2001-02 Pacific Heads Up Quad Jerseys #9 Patrick Roy/Chris Dingman/Greg deVries/Jon Klemm,0,1,0,0,12.5
2001-02 Pacific Heads Up Rink Immortals #2 Patrick Roy,0,0,0,1,25
2001-02 Private Stock Game Gear Patches #30 Patrick Roy,0,1,0,0,49.5
2001-02 SP Authentic #93 Patrick Roy ATG,0,0,0,1,5.6
2001-02 UD Challenge for the Cup Jerseys #TNPR Patrick Roy Dual,0,1,0,0,25.5
2001-02 UD Mask Collection Goalie Jerseys #VCPR Patrick Roy VC,0,1,0,0,36
2001-02 UD Playmakers Combo Jerseys #CJPR Patrick Roy,0,1,0,1,54
2002-03 BAP First Edition Jerseys #147 Patrick Roy,0,1,0,0,50
2002-03 BAP Memorabilia Ruby #208 Patrick Roy FP,0,0,0,1,10
2002-03 BAP Memorabilia Sapphire #164 Patrick Roy,0,0,0,1,18
2002-03 BAP Signature Series Jerseys #SGJ4 Patrick Roy,0,1,0,0,25
2002-03 ITG Used Franchise Players Jerseys #F8 Patrick Roy,0,1,0,0,24
2002-03 ITG Used Jerseys #GUJ4 Patrick Roy,0,1,0,1,19.6
2002-03 Parkhurst Retro Jerseys #RJ1 Patrick Roy,0,1,0,0,14.7
2002-03 UD Mask Collection #92 Patrick Roy/1475,0,0,0,1,5.97
2002-03 UD Mask Collection Great Gloves #GGPR Patrick Roy,0,1,0,0,30
2002-03 UD Mask Collection Super Stoppers Jerseys #SSPR Patrick Roy,0,1,0,0,15
2002-03 UD Piece of History #94 Patrick Roy SR,0,0,0,1,4.2
2002-03 UD Premier Collection Jerseys Silver #PR Patrick Roy,0,1,0,1,39.5
2002-03 UD Premier Collection Signatures Silver #ASPR Patrick Roy SP,0,0,1,1,120
2002-03 UD Top Shelf Signatures #PR Patrick Roy SP,0,0,1,0,79
2002-03 Upper Deck Classic Portraits Headliners #RA Patrick Roy/David Aebischer,0,1,0,0,14.9
2002-03 Upper Deck Honor Roll Grade A Jerseys #GAPR Patrick Roy,0,1,0,0,22.5
2002-03 Upper Deck MVP Skate Around Jerseys #SAPR Patrick Roy,0,1,0,0,27
2002-03 Upper Deck Rookie Update #104 Patrick Roy RRM,0,0,0,1,2
2003-04 ITG VIP Jerseys #10 Patrick Roy,0,1,0,0,60
2003-04 Pacific Blue #88 Patrick Roy,0,0,0,1,2.475
2003-04 Pacific Invincible Blue #24 Patrick Roy,0,0,0,1,6
2003-04 Pacific Invincible Red #24 Patrick Roy,0,0,0,1,7
2003-04 Pacific Prism Blue #111 Patrick Roy JSY,0,1,0,1,28
2003-04 Pacific Prism Red #111 Patrick Roy JSY,0,1,0,1,20
2003-04 SP Game Used Game Gear Combo #GCPR Patrick Roy,0,1,0,1,60
2003-04 Upper Deck Classic Portraits #120 Patrick Roy PL,0,0,0,1,4
2003-04 Upper Deck Classic Portraits #132 Patrick Roy PL,0,0,0,1,4
2004-05 ITG Franchises US West Original Sticks #WOS1 Patrick Roy,0,1,0,0,36
2004-05 Ultimate Collection Jerseys #UGJPR1 Patrick Roy,0,1,0,1,12.5
2005-06 SP Authentic Prestigious Pairings #PPRB P.Roy/M.Brodeur/50,0,0,1,1,197.5
2007-08 Artifacts Tundra Tandems #TTRB Patrick Roy/Ray Bourque,0,1,0,1,29.8
2008-09 Artifacts Frozen Artifacts Dual Gold #FADPR Patrick Roy,0,1,0,1,24.75
2008-09 UD Masterpieces Canvas Clippings Brown #CCPR2 Patrick Roy,0,1,0,0,27
2009-10 SP Authentic #141 Patrick Roy ESS,0,0,0,1,3
2009-10 SPx SPXcitement #X33 Patrick Roy,0,0,0,1,4.5
2009-10 SPx Winning Materials #WMPR Patrick Roy,0,1,0,0,14.7
2009-10 Ultimate Collection #39 Patrick Roy,0,0,0,1,6.95
2009-10 Upper Deck Champ's Threads #MTPR Patrick Roy,0,1,0,0,11
2010-11 Playoff Contenders Playoff Tickets #107 Patrick Roy,0,0,0,1,11.85
2010-11 SPx #104 Patrick Roy,0,0,0,1,6.95
2010-11 SPx Winning Combos #WCMP Patrick Roy/Martin Brodeur,0,1,0,0,14.7
2010-11 SPx Winning Combos #WCRB Ray Bourque/Patrick Roy,0,1,0,0,15.5
2010-11 Ultimate Collection Ultimate Jerseys Autographs #UAJPR Patrick Roy,0,1,1,1,99.5
2011-12 Artifacts Emerald #33 Patrick Roy,0,0,0,1,11.93
2011-12 Certified Mirror Gold Materials Prime #157 Patrick Roy,0,1,0,1,29.8
2011-12 Elite Prime Number Jerseys #4 Patrick Roy/500*,0,1,0,1,15
2011-12 Limited #2 Patrick Roy,0,0,0,1,9.865
2011-12 Limited Retired Numbers #8 Patrick Roy,0,0,0,1,15.75
2011-12 SPx Winning Combos #WCPR Patrick Roy/Ray Bourque D,0,1,0,0,9.8
2011-12 SPx Winning Combos #WCRB Patrick Roy/Martin Brodeur E,0,1,0,0,14.85
2012-13 Artifacts #118 Patrick Roy,0,0,0,1,12
2006-07 Black Diamond #206 Paul Stastny RC,1,0,0,0,11.85
2006-07 Flair Showcase #310 Paul Stastny RC,1,0,0,0,12
2006-07 Upper Deck MVP #302 Paul Stastny RC,1,0,0,0,5.96
2006-07 Upper Deck Trilogy #108 Paul Stastny RC,1,0,0,1,7.99
2007-08 Be A Player Player's Club #53 Paul Stastny,0,0,0,1,3.75
2007-08 Be A Player Signatures #SPS Paul Stastny,0,0,1,0,9.75
2007-08 Be A Player Signatures Duals #2SJP Joe Sakic/Paul Stastny,0,0,1,0,37.5
2007-08 Hot Prospects #144 Paul Stastny HC,0,0,0,1,2.8
2007-08 SP Authentic #145 Paul Stastny NOT,0,0,0,1,1.8
2007-08 SP Authentic Limited #145 Paul Stastny NOT,0,0,0,1,3
2007-08 SP Authentic Sign of the Times #STPS Paul Stastny,0,0,1,0,10.35
2007-08 Sweet Shot Signature Shots Puck Signings #SSPPS Paul Stastny,0,1,1,0,11.85
2008-09 Artifacts #187 Paul Stastny S,0,0,0,1,2.625
2008-09 Artifacts Gold #73 Paul Stastny,0,0,0,1,3.6
2008-09 Artifacts Silver #187 Paul Stastny S,0,0,0,1,4.5
2008-09 Artifacts Treasured Swatches Dual #TSDPS Paul Stastny,0,1,0,1,7.95
2008-09 Artifacts Tundra Tandems #TTPR Paul Stastny/Ryan Smyth,0,1,0,1,14.85
2008-09 Artifacts Tundra Trios Gold #T3SBS Joe Sakic/Paul Stastny/Peter Budaj,0,1,0,1,37.5
2008-09 Be A Player Signatures #SPS Paul Stastny,0,0,1,0,7.2
2008-09 Black Diamond Gemography #GPS Paul Stastny SP,0,0,1,0,18
2008-09 O-Pee-Chee Materials Triple #3MSWS Paul Stastny/Marek Svatos/Wojtek Wolski,0,1,0,0,13.5
2008-09 SP Authentic Limited #24 Paul Stastny,0,0,0,1,4
2008-09 SP Authentic Sign of the Times #STST Paul Stastny,0,0,1,0,12
2008-09 SPx SPxcitement #X49 Paul Stastny,0,0,0,1,2.58
2008-09 The Cup #18 Paul Stastny,0,0,0,1,4.6
2008-09 Ultimate Collection #10 Paul Stastny,0,0,0,1,2.18
2008-09 Upper Deck Clear Cut Duos #CD13 Joe Sakic/Paul Stastny,0,0,0,1,45
2008-09 Upper Deck Game Jerseys #GJPS Paul Stastny,0,1,0,0,7.95
2008-09 Upper Deck Toronto Fall Expo Priority Signings #PSPS Paul Stastny/50,0,0,1,1,30
2008-09 Upper Deck Trilogy Combo Clearcut Autographs #CC2SS Peter Stastny/Paul Stastny/100,0,0,1,1,30
2008-09 Upper Deck Trilogy Ice Scripts #ISPS Paul Stastny,0,0,1,0,15
2008-09 Upper Deck Trilogy Three Star Spotlights #3SSFS Paul Stastny/Joe Sakic/Peter Forsberg,0,1,0,0,22.5
2009-10 Artifacts Gold #93 Paul Stastny,0,0,0,1,3.2
2009-10 Artifacts Treasured Swatches #TSPS Paul Stastny,0,1,0,1,4.32
2009-10 Be A Player Signatures Duals #S2HS Milan Hejduk/Paul Stastny,0,0,1,0,8.005
2009-10 Be A Player Signatures Trios #S3HWS Paul Stastny/Wojtek Wolski/Milan Hejduk,0,0,1,0,11.85
2009-10 OPC Premier #40 Paul Stastny,0,0,0,1,2.55
2009-10 OPC Premier Foursomes #SGDO Paul Stastny/T.J. Galiardi/Matt Duchene/Ryan O'Reilly,0,1,0,1,12
2009-10 SP Authentic #143 Paul Stastny ESS,0,0,0,1,1.25
2009-10 SP Game Used Authentic Fabrics #AFPA  Paul Stastny,0,1,0,0,6.5
2009-10 SP Game Used Gold #27 Paul Stastny,0,0,0,1,5.4
2009-10 SPx SPXcitement #X67 Paul Stastny,0,0,0,1,2.8
2009-10 The Cup #37 Paul Stastny,0,0,0,1,2
2009-10 UD Black Jerseys Black Ice Autographs #QJPS Paul Stastny,0,1,1,1,29.88
2009-10 Ultimate Collection #15 Paul Stastny,0,0,0,1,2.995
2009-10 Ultra Ice Medallion #40 Paul Stastny,0,0,0,1,2.49
2009-10 Upper Deck Champ's Threads #MTPS Paul Stastny,0,1,0,0,5
2009-10 Upper Deck Game Jerseys #GJSP Paul Stastny,0,1,0,0,3.4
2009-10 Upper Deck Game Jerseys #GJ2PS Paul Stastny,0,1,0,0,2.67
2009-10 Upper Deck MVP Gold Script #222 Paul Stastny,0,0,0,1,5.4
2009-10 Upper Deck MVP Two on Two Jerseys #JHBKS Mikko Koivu/Pierre-Marc Bouchard/Milan Hejduk/Paul Stastny,0,1,0,0,10.35
2009-10 Upper Deck Trilogy Line Mates #LMSS Paul Stastny/Marek Svatos,0,1,0,0,11.25
2010-11 Artifacts Treasured Swatches #TSPS Paul Stastny,0,1,0,1,5
2010-11 Black Diamond Ruby #139 Paul Stastny,0,0,0,1,4.8
2010-11 Crown Royale Premiere Date Signatures #25 Paul Stastny/50,0,0,1,1,7.35
2010-11 Limited #42 Paul Stastny,0,0,0,1,2.875
2010-11 Limited Back To The Future #8 Peter Stastny/Paul Stastny,0,0,0,1,2.475
2010-11 Limited Monikers Gold #42 Paul Stastny,0,0,1,1,23.625
2010-11 Limited Silver Spotlight #42 Paul Stastny,0,0,0,1,4
2010-11 Limited Threads #42 Paul Stastny,0,1,0,1,6.55
2010-11 Luxury Suite #18 Paul Stastny JSY,0,1,0,1,6.8
2010-11 Luxury Suite Jerseys Sticks Gold #18 Paul Stastny,0,1,0,1,25
2010-11 O-Pee-Chee Retro Black Rainbow #75 Paul Stastny,0,0,0,1,3
2010-11 Pinnacle City Lights Materials #12 Paul Stastny,0,1,0,1,3.745
2010-11 SP Game Used Authentic Fabrics Patches #AFPS Paul Stastny,0,1,0,1,10
2010-11 SP Game Used Authentic Fabrics Triples #AF3COL Paul Stastny/Milan Hejduk/Matt Duchene,0,1,0,1,18.75
2010-11 SP Game Used Gold #25 Paul Stastny,0,0,0,1,5.4
2010-11 SPx Winning Combos #WCHS Milan Hejduk/Paul Stastny,0,1,0,0,5.88
2010-11 SPx Winning Combos #WCSD Matt Duchene/Paul Stastny,0,1,0,0,7.35
2010-11 The Cup #69 Paul Stastny,0,0,0,1,7.2
2010-11 Ultimate Collection #17 Paul Stastny,0,0,0,1,2.3
2010-11 Upper Deck Game Jerseys #GJPS Paul Stastny,0,1,0,0,5.22
2010-11 Zenith Mozaics Materials #5 T.J. Galiardi/Paul Stastny/Matt Duchene,0,1,0,0,6.25
2010-11 Zenith Mozaics Materials Triple #5 T.J. Galiardi/Paul Stastny/Matt Duchene,0,1,0,0,11.175
2011-12 Artifacts Tundra Tandems Jerseys Blue #TT2SD Matt Duchene/Paul Stastny,0,1,0,1,9
2011-12 Certified Mirror Blue #40 Paul Stastny,0,0,0,1,3.5
2011-12 Certified Mirror Gold #40 Paul Stastny,0,0,0,1,7.2
2011-12 Certified Mirror Red #40 Paul Stastny,0,0,0,1,2.6
2011-12 Dominion #82 Paul Stastny,0,0,0,1,3.325
2011-12 Limited #110 Paul Stastny,0,0,0,1,4.125
2011-12 Limited Jumbo Materials #25 Paul Stastny,0,1,0,1,4.8
2011-12 Limited Materials #110 Paul Stastny/99,0,1,0,1,6.3
2011-12 Limited Ruby Spotlight #110 Paul Stastny,0,0,0,1,8.5
2011-12 Panini Prime Trios Jerseys #26 Cameron Gaunce/150/Erik Johnson/Paul Stastny,0,1,0,1,12.75
2011-12 Panini Rookie Anthology Draft Year Combo Jerseys #17 Paul Stastny/Justin Mercier,0,1,0,0,6
2011-12 Panini Titanium Game Worn Gear #32 Paul Stastny,0,1,0,0,7
2011-12 SP Game Used Authentic Fabrics Fives Patches #AF5AVS Jean-Sebastien Giguere/Matt Duchene/Paul Stastny/Peter Mueller/Erik Johnson,0,1,0,1,149.95
2011-12 SP Game Used Authentic Fabrics Gold #AFPA1 Paul Stastny # C,0,1,0,0,7.2
2011-12 SP Game Used Authentic Fabrics Gold #AFPA3 Paul Stastny 6 C,0,1,0,0,5.6
2011-12 SP Game Used Authentic Fabrics Gold #AFPA4 Paul Stastny C C,0,1,0,0,6.6
2011-12 SP Game Used SIGnificant Numbers Autographs #SNPA Paul Stastny/26,0,1,1,1,23.6
2011-12 The Cup #26 Paul Stastny,0,0,0,1,4
2011-12 Upper Deck Game Jerseys #GJPA Paul Stastny D,0,1,0,0,4
2012-13 Limited Materials Prime #LJST Paul Stastny,0,1,0,1,10
2012-13 O-Pee-Chee Black Rainbow #328 Paul Stastny,0,0,0,1,4
2012-13 SP Game Used Authentic Fabrics Fives #AF5COL Matt Duchene/Gabriel Landeskog/Paul Stastny/Semyon Varlamov/Jean-Sebastien Giguere,0,1,0,0,22.5
2012-13 SP Game Used Authentic Fabrics Triples #AF3SDL Paul Stastny/Matt Duchene/Gabriel Landeskog,0,1,0,0,9
2012-13 SP Game Used Authentic Fabrics Triples Patches #AF3SDL Paul Stastny/Matt Duchene/Gabriel Landeskog,0,1,0,1,60
2012-13 The Cup Trios Patches #C3AVS Paul Stastny/Matt Duchene/Gabriel Landeskog,0,1,0,1,80
2012-13 Upper Deck Exclusives #44 Paul Stastny,0,0,0,1,9
2011-12 Artifacts #208 Gabriel Landeskog RC,1,0,0,1,8
2011-12 Black Diamond #249 Gabriel Landeskog RC,1,0,0,0,10
2011-12 Black Diamond Ruby #249 Gabriel Landeskog,0,0,0,1,45
2011-12 Certified #222 Gabriel Landeskog JSY AU RC,1,1,1,1,30
2011-12 Crown Royale Calder Collection Autographs #3 Gabriel Landeskog,0,0,1,1,15
2011-12 Dominion Complete Rookies Quad Jerseys #7 Gabriel Landeskog/25,0,1,0,1,24
2011-12 Elite Materials #33 Gabriel Landeskog,0,1,0,0,6.75
2011-12 Elite New Breed Materials #10 Gabriel Landeskog,0,1,0,0,13.5
2011-12 O-Pee-Chee #611 Gabriel Landeskog RC,1,0,0,0,5.995
2011-12 Panini Contenders #208 Gabriel Landeskog AU RC,1,0,1,1,24
2011-12 Panini Prime #109 Gabriel Landeskog JSY AU RC,1,1,1,1,24
2011-12 Panini Prime Prime Time Rookies Jersey Autographs #2 Gabriel Landeskog,0,1,1,1,29.8
2011-12 Panini Titanium Game Worn Gear Dual Memorabilia #35 Gabriel Landeskog/Peter Mueller/300,0,1,0,1,4
2011-12 Pinnacle Starting Six Threads #37 Gabriel Landeskog/Adam Henrique/Matt Read/Jake Gardiner/Justin Faulk/Allen York/200*,0,1,0,0,24.75
2011-12 SP Game Used SIGnificance #SIGLD Gabriel Landeskog/50,0,0,1,1,45
2011-12 SPx Finite Rookies #F36 Gabriel Landeskog/99,0,0,0,1,11
2011-12 Score #553 Gabriel Landeskog HR SP RC,1,0,0,0,15
2011-12 Ultimate Collection Ultimate Rookie Patches Duos #URJ2NL Ryan Nugent-Hopkins/Gabriel Landeskog,0,1,0,1,51
2011-12 Ultimate Collection Ultimate Signatures #USGL Gabriel Landeskog D,0,0,1,0,15
2011-12 Upper Deck #208 Gabriel Landeskog YG RC,1,0,0,0,19.1
2011-12 Upper Deck MVP #125 Gabriel Landeskog RC,1,0,0,0,3.25
2011-12 Upper Deck Rookie Materials #RMGL Gabriel Landeskog,0,1,0,0,9.675
2011-12 Upper Deck Victory #286 Gabriel Landeskog RC,1,0,0,0,1.725
2012-13 Black Diamond Ruby #157 Gabriel Landeskog,0,0,0,1,12.37
2012-13 Certified Mirror Red #92 Gabriel Landeskog,0,0,0,1,5.4
2012-13 Elite Intensity #25 Gabriel Landeskog,0,0,0,1,4
2012-13 Fleer Retro Metal Universe Precious Metal Gems Red #32 Gabriel Landeskog,0,0,0,1,13.5
2012-13 Limited #130 Gabriel Landeskog,0,0,0,1,3.75
2012-13 Limited Back To The Future #BTFGE Eric Lindros/Gabriel Landeskog,0,0,0,1,6.18
2012-13 Limited Board Members #22 Gabriel Landeskog,0,0,0,1,3.92
2012-13 Limited Duels Gold #LD9B Gabriel Landeskog,0,0,0,1,35
2012-13 Limited Materials #LJGL Gabriel Landeskog/99,0,1,0,1,5.88
2012-13 Limited Trophy Winners Signatures #TW7 Gabriel Landeskog/99,0,0,1,1,30
2012-13 Panini Contenders Hart Contenders #22 Gabriel Landeskog,0,0,0,1,2.625
2012-13 Panini Prime #47 Gabriel Landeskog,0,0,0,1,3.75
2012-13 Panini Prime Trios Jerseys #22 Loui Eriksson/Gabriel Landeskog/Jakob Silfverberg,0,1,0,1,11.25
2012-13 SP Game Used Authentic Fabrics Fives #AF5COL Matt Duchene/Gabriel Landeskog/Paul Stastny/Semyon Varlamov/Jean-Sebastien Giguere,0,1,0,0,22.5
2012-13 SP Game Used Authentic Fabrics Triples #AF3SDL Paul Stastny/Matt Duchene/Gabriel Landeskog,0,1,0,0,9
2012-13 SP Game Used Authentic Fabrics Triples Patches #AF3SDL Paul Stastny/Matt Duchene/Gabriel Landeskog,0,1,0,1,60
2012-13 The Cup Trios Patches #C3AVS Paul Stastny/Matt Duchene/Gabriel Landeskog,0,1,0,1,80
2013-14 Crown Royale Coat of Arms Materials #CAGL Gabriel Landeskog,0,1,0,0,10
2013-14 Crown Royale Royal Lineage Materials #RLCOL Joe Sakic/Gabriel Landeskog/Nathan MacKinnon,0,1,0,0,27
2013-14 Dominion #22 Gabriel Landeskog,0,0,0,1,4.8
2013-14 Dominion Gold #22 Gabriel Landeskog,0,0,0,1,12
2013-14 Dominion Jerseys #DGL Gabriel Landeskog,0,1,0,1,9
2013-14 O-Pee-Chee Black Rainbow #295 Gabriel Landeskog,0,0,0,1,6
2013-14 Panini Contenders Cup Contenders #CC4 Gabriel Landeskog,0,0,0,1,1
2013-14 Panini Contenders Gold #16 Gabriel Landeskog,0,0,0,1,3.2
2013-14 Panini Playbook #20 Gabriel Landeskog,0,0,0,1,6
2013-14 Panini Prime #21 Gabriel Landeskog,0,0,0,1,3.735
2013-14 Panini Rookie Anthology Gold #23 Gabriel Landeskog,0,0,0,1,6.2
2013-14 Panini Titanium Jersey Number #36 Gabriel Landeskog/92,0,0,0,1,6
2013-14 SP Authentic 1993-94 SP Retro Autographs #9315 Gabriel Landeskog D,0,0,1,0,10
2013-14 SP Game Used Authentic Fabrics #AFGL Gabriel Landeskog D,0,1,0,0,8
2013-14 Score Team 8s Jerseys #AVS Gabriel Landeskog/Steve Downie/Michael Sgarbossa/Matt Duchene/Calvin Pickard/Jean-Sebastien Giguere/Erik Johnson/Milan Hejduk,0,1,0,0,16.25
2013-14 Select Prizms Red #142 Gabriel Landeskog,0,0,0,1,6
2013-14 Totally Certified Jerseys Red #TCGL Gabriel Landeskog,0,1,0,0,7.4
2013-14 Totally Certified Mirror Platinum Red #102 Gabriel Landeskog,0,0,0,1,6
2013-14 Totally Certified Platinum Red #102 Gabriel Landeskog,0,0,0,1,3.3
2013-14 Ultimate Collection Ultimate Signatures #USGL Gabriel Landeskog E,0,0,1,0,12.5
2013-14 Upper Deck Game Jerseys #GJGL Gabriel Landeskog 2D,0,1,0,0,7.5
2013-14 Upper Deck Trilogy Three Star International Jerseys #SWEFWD Gabriel Landeskog D/Patrik Berglund/Magnus Paajarvi,0,1,0,0,7.2
2014-15 Fleer Showcase Red Glow #9 Gabriel Landeskog JSY,0,1,0,1,12.75
2014-15 O-Pee-Chee Platinum Red Prism #120 Gabriel Landeskog,0,0,0,1,5.4
2014-15 O-Pee-Chee Platinum White Ice #120 Gabriel Landeskog,0,0,0,1,5.4
2014-15 The Cup Trios Jerseys #C3COL Jarome Iginla/Matt Duchene/Gabriel Landeskog,0,1,0,1,6
2014-15 UD Masterpieces Memorabilia #44 Gabriel Landeskog C,0,1,0,0,9
2014-15 Ultimate Collection #39 Gabriel Landeskog,0,0,0,1,5.1
2014-15 Ultra Platinum Medallion #45 Gabriel Landeskog,0,0,0,1,9
2014-15 Upper Deck Game Jerseys #GJGL Gabriel Landeskog 1C,0,1,0,0,6
2014-15 Upper Deck Ice Frozen Fabrics #FZFGL Gabriel Landeskog C,0,1,0,0,6.2
2014-15 Upper Deck Ice Frozen Fabrics Black #FZFGL Gabriel Landeskog,0,1,0,1,20
2014-15 Upper Deck Premier #56 Gabriel Landeskog,0,0,0,1,2
2014-15 Upper Deck Premier Silver Spectrum #56 Gabriel Landeskog JSY,0,1,0,1,6
2015-16 Artifacts Sapphire #1 Gabriel Landeskog,0,0,0,1,7.2
2015-16 Artifacts Spectrum #1 Gabriel Landeskog,0,0,0,1,11.25
2015-16 Exquisite Collection Signatures #ESLA Gabriel Landeskog,0,0,1,1,35
2015-16 Fleer Showcase Flair Materials #23 Gabriel Landeskog D,0,1,0,0,6
2015-16 Fleer Showcase Red Glow #26 Gabriel Landeskog JSY/99,0,1,0,1,7.5
2015-16 Fleer Showcase White Hot #26 Gabriel Landeskog JSY/15,0,1,0,1,25
2015-16 O-Pee-Chee Platinum Blue Cubes #109 Gabriel Landeskog,0,0,0,1,7.5
2015-16 O-Pee-Chee Platinum Red Prism #109 Gabriel Landeskog,0,0,0,1,5.4
2015-16 O-Pee-Chee Platinum White Ice #109 Gabriel Landeskog,0,0,0,1,3
2015-16 O-Pee-Chee Rainbow Black #176 Gabriel Landeskog,0,0,0,1,10.8
2015-16 O-Pee-Chee Update Signatures #USGL Gabriel Landeskog C,0,0,1,0,9
2015-16 SP Authentic Limited Autographs #7 Gabriel Landeskog/99,0,0,1,1,25
2015-16 SPx Monochromatics #MGL Gabriel Landeskog D,0,1,0,0,8.1
2015-16 Upper Deck Champ's Autographs #189 Gabriel Landeskog SP D,0,0,1,0,12.5
2015-16 Upper Deck Contours Blue #50 Gabriel Landeskog,0,0,0,1,1.6
2015-16 Upper Deck Game Jerseys #GJGL Gabriel Landeskog 2F,0,1,0,0,6.75
2015-16 Upper Deck Premier Premier Duals Jerseys #PD2DL Matt Duchene/Gabriel Landeskog/149,0,1,0,1,18.75
2015-16 Upper Deck Trilogy Rainbow Black #23 Gabriel Landeskog PATCH/59,0,1,0,1,22.25
2015-16 Upper Deck Trilogy Rainbow Blue #23 Gabriel Landeskog/281,0,0,0,1,5.8
2015-16 Upper Deck Trilogy Rainbow Green #23 Gabriel Landeskog JSY/111,0,1,0,1,6
2016-17 Artifacts Emerald #19 Gabriel Landeskog,0,0,0,1,1.95
2016-17 Artifacts Materials Silver #19 Gabriel Landeskog,0,1,0,1,8.745
2016-17 Artifacts Ruby #19 Gabriel Landeskog,0,0,0,1,4.5
2016-17 O-Pee-Chee Patches #P10 Gabriel Landeskog,0,1,0,0,6
2016-17 O-Pee-Chee Platinum Royal Blue Cubes #49 Gabriel Landeskog,0,0,0,1,5.4
2016-17 SP Game Used #62 Gabriel Landeskog/92,0,0,0,1,13.5
1999-00 BAP Memorabilia Gold #79 Alex Tanguay,0,0,0,1,14
1999-00 BAP Memorabilia Silver #79 Alex Tanguay,0,0,0,1,1.56
1999-00 BAP Millennium Calder Candidates Ruby #C1 Alex Tanguay,0,0,0,1,3.7
1999-00 BAP Millennium Ruby #73 Alex Tanguay,0,0,0,1,3.25
1999-00 BAP Millennium Sapphire #73 Alex Tanguay,0,0,0,1,125
1999-00 Crown Royale Limited Series #41 Alex Tanguay,0,0,0,1,21
1999-00 Crown Royale Premiere Date #41 Alex Tanguay,0,0,0,1,36
1999-00 Crown Royale Prospects Parallel #41 Alex Tanguay,0,0,0,1,4.8
1999-00 Pacific Dynagon Ice Blue #62 Alex Tanguay,0,0,0,1,18
1999-00 Pacific Dynagon Ice Copper #62 Alex Tanguay,0,0,0,1,10.5
1999-00 Pacific Dynagon Ice Premiere Date #62 Alex Tanguay,0,0,0,1,22.5
1999-00 Pacific Omega 5 Star Talents Parallel #2 Alex Tanguay,0,0,0,1,4.2
1999-00 Pacific Omega Copper #67 Alex Tanguay,0,0,0,1,5.4
1999-00 Pacific Omega Gold #67 Alex Tanguay,0,0,0,1,1.98
1999-00 Pacific Prism Holographic Mirror #42 Alex Tanguay,0,0,0,1,2
1999-00 Pacific Prism Holographic Purple #42 Alex Tanguay,0,0,0,1,4.5
1999-00 SP Authentic Sign of the Times #AT Alex Tanguay,0,0,1,0,16.5
1999-00 Stadium Club One of a Kind #194 Alex Tanguay,0,0,0,1,9
2000-01 Aurora Autographs #42 Alex Tanguay/500,0,0,1,1,13.5
2000-01 BAP Memorabilia Ruby #25 Alex Tanguay,0,0,0,1,4.5
2000-01 BAP Signature Series Autographs Gold #120 Alex Tanguay,0,0,1,0,5
2000-01 BAP Signature Series Ruby #137 Alex Tanguay,0,0,0,1,2.5
2000-01 BAP Signature Series Sapphire #137 Alex Tanguay,0,0,0,1,3
2000-01 Pacific Premiere Date #123 Alex Tanguay,0,0,0,1,9
2000-01 Paramount HoloGold #65 Alex Tanguay,0,0,0,1,9
2000-01 Paramount HoloSilver #65 Alex Tanguay,0,0,0,1,10
2000-01 Paramount Ice Blue #65 Alex Tanguay,0,0,0,1,7.5
2000-01 Paramount Premiere Date #65 Alex Tanguay,0,0,0,1,12
2000-01 Titanium Gold #24 Alex Tanguay,0,0,0,1,5.9
2000-01 Titanium Premiere Date #24 Alex Tanguay,0,0,0,1,4.2
2000-01 Titanium Red #24 Alex Tanguay,0,0,0,1,1.98
2001-02 Atomic Blue #28 Alex Tanguay/40,0,0,0,1,5.6
2001-02 Atomic Gold #28 Alex Tanguay,0,0,0,1,2
2001-02 Atomic Premiere Date #28 Alex Tanguay,0,0,0,1,4
2001-02 Atomic Red #28 Alex Tanguay,0,0,0,1,2.46
2001-02 BAP Memorabilia Ruby #13 Alex Tanguay,0,0,0,1,3.5
2001-02 BAP Memorabilia Sapphire #13 Alex Tanguay,0,0,0,1,7.2
2001-02 BAP Signature Series Autographs #103 Alex Tanguay,0,0,1,0,6.425
2001-02 Bowman YoungStars Gold #113 Alex Tanguay,0,0,0,1,3.6
2001-02 Crown Royale Premiere Date #41 Alex Tanguay,0,0,0,1,9
2001-02 Pacific Adrenaline Blue #51 Alex Tanguay,0,0,0,1,5.6
2001-02 Pacific Adrenaline Premiere Date #51 Alex Tanguay,0,0,0,1,7.2
2001-02 Pacific Adrenaline Red #51 Alex Tanguay,0,0,0,1,9
2001-02 Pacific Premiere Date #108 Alex Tanguay,0,0,0,1,5
2001-02 SP Authentic #116 Alex Tanguay FG,0,0,0,1,1.75
2001-02 SP Authentic Limited #116 Alex Tanguay FG,0,0,0,1,3.5
2001-02 SPx Hidden Treasures #TTTHN Alex Tanguay/Dan Hinote/Ville Nieminen,0,1,0,0,25.875
2001-02 Titanium Double-Sided Jerseys #12 Joe Sakic/Alex Tanguay,0,1,0,0,6.95
2001-02 Titanium Double-Sided Jerseys #14 Alex Tanguay/Vaclav Nedorost,0,1,0,0,3.48
2001-02 Titanium Double-Sided Patches #12 Joe Sakic/Alex Tanguay/259,0,1,0,1,11.25
2001-02 Titanium Draft Day Edition #28 Alex Tanguay,0,1,0,0,5
2001-02 UD Mask Collection Gold #24 Alex Tanguay,0,0,0,1,7.2
2001-02 Upper Deck Game Jerseys Series II #DJTD Alex Tanguay/Chris Drury,0,1,0,0,19.75
2001-02 Vanguard Blue #28 Alex Tanguay,0,0,0,1,5
2001-02 Vanguard Premiere Date #28 Alex Tanguay,0,0,0,1,6
2002-03 BAP First Edition Jerseys #87 Alex Tanguay,0,1,0,0,5.88
2002-03 BAP Memorabilia Future of the Game #FG17 Alex Tanguay,0,1,0,0,14.7
2002-03 BAP Signature Series Autograph Buybacks 2001 #103 Alex Tanguay,0,0,1,0,13
2002-03 BAP Signature Series Autographs #41 Alex Tanguay,0,0,1,0,9.5
2002-03 Stadium Club Champions Fabric #FC3 Alex Tanguay,0,1,0,0,5.95
2002-03 Upper Deck Classic Portraits Starring Cast #CAT Alex Tanguay,0,1,0,0,5.75
2003-04 Black Diamond Threads #DTAT Alex Tanguay,0,1,0,0,10.5
2003-04 Black Diamond Threads Red #DTAT Alex Tanguay,0,1,0,1,27
2003-04 ITG Action Jerseys #M117 Alex Tanguay,0,1,0,1,11.25
2003-04 O-Pee-Chee Blue #195 Alex Tanguay,0,0,0,1,2.7
2003-04 Pacific Blue #90 Alex Tanguay,0,0,0,1,0.875
2003-04 Pacific Calder Silver #27 Alex Tanguay,0,0,0,1,1.25
2003-04 Pacific Exhibit Blue Backs #40 Alex Tanguay,0,0,0,1,1.25
2003-04 Pacific Heads Up In Focus LTD #5 Alex Tanguay,0,0,0,1,2
2003-04 Pacific Jerseys #11 Alex Tanguay,0,1,0,0,3.125
2003-04 Pacific Prism Blue #28 Alex Tanguay,0,0,0,1,0.75
2003-04 Pacific Prism Gold #28 Alex Tanguay,0,0,0,1,0.95
2003-04 Pacific Prism Red #28 Alex Tanguay,0,0,0,1,1.2
2003-04 Pacific Quest for the Cup Blue #28 Alex Tanguay,0,0,0,1,1.2
2003-04 Titanium Hobby Jersey Number Parallels #29 Alex Tanguay,0,0,0,1,3.375
2003-04 Titanium Retail Jersey Number Parallels #29 Alex Tanguay,0,0,0,1,1.6
2004-05 Pacific Blue #72 Alex Tanguay,0,0,0,1,2.25
2004-05 Ultimate Collection Jerseys #UGJAT Alex Tanguay,0,1,0,1,4.9
2004-05 Ultimate Collection Jerseys Gold #UGJAT Alex Tanguay,0,1,0,1,9.95
2005-06 Artifacts #161 Alex Tanguay AS,0,0,0,1,1.75
2005-06 Artifacts Green #161 Alex Tanguay,0,0,0,1,4
2005-06 Artifacts Pewter #28 Alex Tanguay,0,0,0,1,3.45
2005-06 Artifacts Pewter #161 Alex Tanguay,0,0,0,1,1.5
2005-06 Artifacts Red #161 Alex Tanguay,0,0,0,1,9
2005-06 Artifacts Treasured Swatches Dual Silver #TSDAT Alex Tanguay,0,1,0,1,10
2005-06 Be A Player First Period #23 Alex Tanguay,0,0,0,1,10.8
2005-06 Be A Player Outtakes #OT14 Alex Tanguay,0,0,0,1,11.25
2005-06 Be A Player Signatures #AT Alex Tanguay,0,0,1,0,7.95
2005-06 Hot Prospects Red Hot #26 Alex Tanguay,0,0,0,1,8.15
2005-06 Parkhurst Facsimile Auto Parallel #117 Alex Tanguay,0,0,0,1,14
2005-06 SP Authentic #118 Alex Tanguay/999,0,0,0,1,7
2005-06 SP Authentic Limited #118 Alex Tanguay,0,0,0,1,11.25
2005-06 SP Game Used Authentic Fabrics #AFAT Alex Tanguay,0,1,0,0,6.95
2005-06 SP Game Used Gold #25 Alex Tanguay,0,0,0,1,5.4
2005-06 SPx Winning Materials #WMAT Alex Tanguay,0,1,0,1,6
2005-06 SPx Xcitement Superstars #XSAT Alex Tanguay,0,0,0,1,3.875
2005-06 The Cup #29 Alex Tanguay,0,0,0,1,6
2005-06 Ultimate Collection #25 Alex Tanguay,0,0,0,1,4.5
2005-06 Ultra Scoring Kings Jerseys #SKJAT Alex Tanguay,0,1,0,0,7.475
2005-06 Upper Deck Ice Frozen Fabrics #FFAT Alex Tanguay,0,1,0,0,8.4
2000-01 BAP Memorabilia #479 David Aebischer RC,1,0,0,0,0.57
2000-01 Black Diamond #114 David Aebischer RC,1,0,0,1,8
2000-01 Crown Royale #118 David Aebischer RC,1,0,0,1,3
2000-01 Private Stock Gold #111 David Aebischer,0,0,0,1,12.5
2000-01 Private Stock Retail #111 David Aebischer RC,1,0,0,1,15
2000-01 SP Authentic #98 David Aebischer RC,1,0,0,1,9
2000-01 SP Game Used #65 David Aebischer RC,1,0,0,1,7.975
2000-01 SPx #157 David Aebischer RC,1,0,0,1,7
2000-01 Stadium Club #257 David Aebischer RC,1,0,0,0,1.34
2000-01 Titanium #111 David Aebischer SP RC,1,0,0,1,15
2000-01 Titanium Draft Day Edition #111 David Aebischer RC,1,0,0,1,15
2000-01 Titanium Retail #111 David Aebischer SP RC,1,0,0,1,10
2000-01 Topps Chrome #244 David Aebischer RC,1,0,0,1,5
2000-01 Topps Chrome Blue #244 David Aebischer,0,0,0,1,8
2000-01 Topps Chrome Red #244 David Aebischer,0,0,0,1,8
2000-01 Topps Gold Label Class 1 #103 David Aebischer RC,1,0,0,0,5.88
2000-01 Topps Heritage #78 David Aebischer RC,1,0,0,1,5.45
2000-01 Topps Heritage Chrome Parallel #78 David Aebischer,0,0,0,1,7.2
2000-01 Topps Premier Plus #122 David Aebischer RC,1,0,0,0,1.445
2000-01 Topps Stars #117 David Aebischer RC,1,0,0,0,1.8
2000-01 UD Reserve #91 David Aebischer RC,1,0,0,0,0.75
2000-01 Upper Deck #433 David Aebischer YG RC,1,0,0,0,4.9
2000-01 Upper Deck Heroes #161 David Aebischer RC,1,0,0,0,0.75
2000-01 Upper Deck Ice #85 David Aebischer RC,1,0,0,1,8
2000-01 Upper Deck Pros and Prospects #99 David Aebischer RC,1,0,0,1,8.18
2001 Crown Royale Calder Collection All-Star Edition #C1 David Aebischer,0,0,0,1,6
2001-02 BAP Memorabilia Ruby #194 David Aebischer,0,0,0,1,4.5
2001-02 BAP Signature Series Autographs #180 David Aebischer,0,0,1,0,20
2001-02 BAP Signature Series Autographs Gold #180 David Aebischer,0,0,1,0,18.625
2001-02 Pacific Hobby LTD #95 David Aebischer,0,0,0,1,3
2001-02 UD Mask Collection Jersey and Patch #JPDA David Aebischer,0,1,0,1,24.75
2002-03 Bowman YoungStars Gold #109 David Aebischer,0,0,0,1,1.35
2002-03 Bowman YoungStars Jerseys #DA David Aebischer,0,1,0,0,3
2002-03 UD Mask Collection #109 David Aebischer/501,0,0,0,1,2.73
2002-03 Upper Deck Classic Portraits Headliners #RA Patrick Roy/David Aebischer,0,1,0,0,14.9
2003-04 Black Diamond Threads #DTDA David Aebischer,0,1,0,0,7.8
2003-04 Bowman Future Fabrics #FFDA David Aebischer,0,1,0,0,4.5
2003-04 Crown Royale Blue #22 David Aebischer,0,0,0,1,1.725
2003-04 ITG Action Jerseys #M91 David Aebischer,0,1,0,1,11.1
2003-04 O-Pee-Chee Blue #271 David Aebischer,0,0,0,1,2.1
2003-04 Pacific Blue #79 David Aebischer,0,0,0,1,0.875
2003-04 Pacific Exhibit Blue Backs #35 David Aebischer,0,0,0,1,1.61
2003-04 Pacific Heads Up Jerseys #7 David Aebischer,0,1,0,1,3.16
2003-04 Pacific Heads Up Stonewallers LTD #3 David Aebischer,0,0,0,1,2.25
2003-04 Pacific Invincible Blue #20 David Aebischer,0,0,0,1,3
2003-04 Pacific Invincible Red #20 David Aebischer,0,0,0,1,2.1
2003-04 Pacific Quest for the Cup Blue #22 David Aebischer,0,0,0,1,1.2
2003-04 Private Stock Reserve Blue #24 David Aebischer,0,0,0,1,1.49
2003-04 Private Stock Reserve Red #24 David Aebischer,0,0,0,1,3
2003-04 SP Game Used #122 David Aebischer JSY,0,1,0,0,5.5
2003-04 SP Game Used Signers #SPSDA David Aebischer,0,0,1,0,10.125
2003-04 SPx #175 David Aebischer NG,0,0,0,1,5.4
2003-04 Titanium #147 David Aebischer JSY,0,1,0,1,7.2
2003-04 Titanium Retail #147 David Aebischer JSY,0,1,0,1,5.88
2003-04 Upper Deck Ice Frozen Fabrics #FFDA David Aebischer,0,1,0,0,7.5
2004-05 Pacific Blue #64 David Aebischer,0,0,0,1,1.5
2004-05 SP Authentic Rookie Review Autographed Patches #RRAB David Aebischer,0,1,1,1,39.5
2004-05 SP Authentic Sign of the Times #STAB David Aebischer,0,0,1,0,7.44
2005-06 Be A Player Signatures #AE David Aebischer,0,0,1,0,5.975
2005-06 Parkhurst Facsimile Auto Parallel #120 Jose Theodore,0,0,0,1,7.5
2005-06 SP Game Used Authentic Fabrics #AFAE David Aebischer,0,1,0,0,5.6
2005-06 Upper Deck Jerseys #JDAE David Aebischer,0,1,0,0,3.6
2005-06 Upper Deck Power Play Specialists Jerseys #TSAB David Aebischer,0,1,0,0,5.775
2005-06 Upper Deck Trilogy Honorary Swatches #HSDA David Aebischer,0,1,0,0,9.66
2005-06 Upper Deck Trilogy Ice Scripts #ISDA David Aebischer,0,0,1,0,10.5
2005-06 Upper Deck Trilogy Scripts #SFSDA David Aebischer,0,0,1,0,12
2004-05 SP Authentic Rookie Redemptions #RR31 Peter Budaj,0,0,0,1,6.88
2005-06 Artifacts #231 Peter Budaj RC,1,0,0,1,8
2005-06 Beehive #123 Peter Budaj RC,1,0,0,0,8.4
2005-06 Black Diamond #164 Peter Budaj RC,1,0,0,0,7.5
2005-06 Hot Prospects Hot Materials #HMPB Peter Budaj,0,1,0,0,5.16
2005-06 Parkhurst #619 Peter Budaj RC,1,0,0,0,3.735
2005-06 SP Authentic #150 Peter Budaj  AU RC,1,0,1,1,15.83
2005-06 SP Game Used #112 Peter Budaj RC,1,0,0,1,9.75
2005-06 SPx Xcitement Rookies #XRPB Peter Budaj,0,0,0,1,3.9
2005-06 Ultra #213 Peter Budaj RC,1,0,0,0,7
2005-06 Ultra Rookie Uniformity Jerseys #RUPB Peter Budaj,0,1,0,0,7.35
2005-06 Upper Deck #213 Peter Budaj YG RC,1,0,0,0,9.6
2005-06 Upper Deck Ice #126 Peter Budaj RC,1,0,0,1,8
2005-06 Upper Deck Ice Fresh Ice #FIBU Peter Budaj,0,1,0,0,7
2005-06 Upper Deck MVP #430 Peter Budaj RC,1,0,0,0,5.36
2005-06 Upper Deck Power Play #169 Peter Budaj RC,1,0,0,0,3
2005-06 Upper Deck Rookie Threads #RTPB Peter Budaj,0,1,0,0,7.5
2005-06 Upper Deck Rookie Update #205 Peter Budaj JSY RC/Tomas Vokoun JSY,1,1,0,1,11.85
2005-06 Upper Deck Trilogy #186 Peter Budaj RC,1,0,0,1,8.4
2005-06 Upper Deck Victory #251 Peter Budaj RC,1,0,0,0,1.75
2006-07 Black Diamond Jerseys Ruby #JBU Peter Budaj,0,1,0,1,22.5
2006-07 Upper Deck Game Jerseys #JBU Peter Budaj,0,1,0,0,6.9
2007-08 Ultra Ice Medallion #153 Peter Budaj,0,0,0,1,7.2
2007-08 Upper Deck Exclusives #58 Peter Budaj,0,0,0,1,4.5
2008-09 Artifacts Tundra Tandems Silver #TTTB Jose Theodore/Peter Budaj,0,1,0,1,12
2008-09 Artifacts Tundra Trios Gold #T3SBS Joe Sakic/Paul Stastny/Peter Budaj,0,1,0,1,37.5
2008-09 SPx Winning Combos #WCHB Milan Hejduk/Peter Budaj,0,1,0,0,4.45
2008-09 Upper Deck MVP Gold Script #79 Peter Budaj,0,0,0,1,3.6
2009-10 Be A Player Signatures #SBU Peter Budaj,0,0,1,0,6.95
2009-10 Ultra Ice Medallion #38 Peter Budaj,0,0,0,1,2.5
2009-10 Upper Deck MVP Two on Two Jerseys #JDLSB Marek Svatos/Peter Budaj/Roberto Luongo/Pavol Demitra,0,1,0,0,21.125
2009-10 Upper Deck Trilogy Superstar Scripts #SSPB Peter Budaj,0,0,1,0,7.35
2010-11 Donruss Boys of Winter Threads #50 Peter Budaj,0,1,0,0,2.94
2010-11 Limited Brothers In Arms #8 Craig Anderson/Peter Budaj,0,1,0,1,6.4
2010-11 Luxury Suite #80 Peter Budaj JSY/Craig Anderson JSY,0,1,0,1,4
2010-11 Luxury Suite Jerseys Prime #80 Craig Anderson/Peter Budaj/50,0,1,0,1,12
2010-11 Panini All Goalies Stopper Sweaters #16 Peter Budaj,0,1,0,0,6
